alert_view_id,alert_id,user_id,account_id,view_timestamp,experiment_group,workflow_version
1,1,56,16,2026-05-01 11:54:00,treatment,runtime_context_panel
2,2,35,10,2026-05-01 10:59:00,control,old_page
3,3,7,3,2026-05-01 22:29:00,treatment,runtime_context_panel
4,4,66,18,2026-05-01 12:11:00,treatment,runtime_context_panel
5,5,19,6,2026-05-01 19:00:00,treatment,runtime_context_panel
6,6,66,18,2026-05-01 22:10:00,treatment,runtime_context_panel
7,7,10,4,2026-05-01 13:50:00,control,old_page
8,8,4,2,2026-05-01 11:09:00,control,old_page
9,9,9,3,2026-05-01 14:03:00,treatment,runtime_context_panel
10,10,71,19,2026-05-01 18:04:00,control,old_page
11,11,50,14,2026-05-01 11:36:00,control,old_page
12,12,43,12,2026-05-01 17:00:00,treatment,runtime_context_panel
13,13,6,2,2026-05-01 21:09:00,control,old_page
14,14,53,15,2026-05-01 17:12:00,control,old_page
15,15,10,4,2026-05-01 21:07:00,control,old_page
16,16,27,8,2026-05-01 16:56:00,treatment,runtime_context_panel
17,17,33,9,2026-05-01 14:52:00,treatment,runtime_context_panel
18,18,57,16,2026-05-01 13:14:00,treatment,runtime_context_panel
19,19,4,2,2026-05-01 19:58:00,treatment,runtime_context_panel
20,20,17,6,2026-05-01 20:09:00,control,old_page
21,21,29,8,2026-05-01 12:02:00,control,old_page
22,22,6,2,2026-05-01 11:23:00,treatment,runtime_context_panel
23,23,23,7,2026-05-01 14:04:00,treatment,runtime_context_panel
24,24,2,1,2026-05-01 20:36:00,control,old_page
25,25,28,8,2026-05-01 14:51:00,control,old_page
26,26,61,17,2026-05-01 21:23:00,treatment,runtime_context_panel
27,27,10,4,2026-05-01 14:30:00,control,old_page
28,28,66,18,2026-05-01 14:38:00,treatment,runtime_context_panel
29,29,34,9,2026-05-01 18:20:00,treatment,runtime_context_panel
30,30,4,2,2026-05-01 20:49:00,treatment,runtime_context_panel
31,31,4,2,2026-05-01 15:41:00,control,old_page
32,32,31,9,2026-05-01 22:39:00,treatment,runtime_context_panel
33,33,13,5,2026-05-02 00:14:00,treatment,runtime_context_panel
34,34,41,12,2026-05-01 21:38:00,control,old_page
35,35,44,12,2026-05-02 01:05:00,treatment,runtime_context_panel
36,36,14,5,2026-05-02 00:45:00,control,old_page
37,37,20,6,2026-05-01 10:25:00,control,old_page
38,38,38,11,2026-05-01 23:41:00,control,old_page
39,39,27,8,2026-05-01 23:56:00,treatment,runtime_context_panel
40,40,47,13,2026-05-01 14:45:00,control,old_page
41,41,32,9,2026-05-01 20:56:00,treatment,runtime_context_panel
42,42,11,4,2026-05-01 13:02:00,treatment,runtime_context_panel
43,43,38,11,2026-05-01 20:20:00,control,old_page
44,44,62,17,2026-05-01 16:12:00,treatment,runtime_context_panel
45,45,12,4,2026-05-02 01:21:00,treatment,runtime_context_panel
46,46,14,5,2026-05-01 17:10:00,treatment,runtime_context_panel
47,47,2,1,2026-05-01 14:53:00,control,old_page
48,48,25,7,2026-05-01 18:04:00,control,old_page
49,49,36,10,2026-05-01 11:35:00,control,old_page
50,50,27,8,2026-05-01 12:30:00,control,old_page
51,51,69,19,2026-05-01 22:15:00,treatment,runtime_context_panel
52,52,11,4,2026-05-01 13:44:00,control,old_page
53,53,64,17,2026-05-01 10:51:00,control,old_page
54,54,11,4,2026-05-01 12:16:00,treatment,runtime_context_panel
55,55,55,15,2026-05-02 00:10:00,treatment,runtime_context_panel
56,56,59,16,2026-05-01 14:25:00,control,old_page
57,57,34,9,2026-05-01 18:16:00,control,old_page
58,58,65,18,2026-05-01 12:21:00,control,old_page
59,59,39,11,2026-05-01 17:57:00,treatment,runtime_context_panel
60,60,71,19,2026-05-01 10:20:00,treatment,runtime_context_panel
61,61,50,14,2026-05-01 18:19:00,control,old_page
62,62,20,6,2026-05-02 01:41:00,control,old_page
63,63,65,18,2026-05-02 01:28:00,treatment,runtime_context_panel
64,64,16,5,2026-05-01 13:06:00,control,old_page
65,65,33,9,2026-05-01 14:18:00,control,old_page
66,66,41,12,2026-05-01 21:05:00,control,old_page
67,67,4,2,2026-05-02 02:12:00,control,old_page
68,68,12,4,2026-05-02 02:10:00,control,old_page
69,69,10,4,2026-05-02 02:27:00,treatment,runtime_context_panel
70,70,46,13,2026-05-01 11:17:00,control,old_page
71,71,12,4,2026-05-01 23:21:00,control,old_page
72,72,2,1,2026-05-02 00:02:00,treatment,runtime_context_panel
73,73,50,14,2026-05-01 22:31:00,treatment,runtime_context_panel
74,74,70,19,2026-05-01 15:30:00,control,old_page
75,75,8,3,2026-05-02 01:02:00,treatment,runtime_context_panel
76,76,37,11,2026-05-01 18:26:00,treatment,runtime_context_panel
77,77,34,9,2026-05-01 10:10:00,control,old_page
78,78,59,16,2026-05-01 17:38:00,control,old_page
79,79,43,12,2026-05-01 19:26:00,treatment,runtime_context_panel
80,80,36,10,2026-05-01 13:56:00,control,old_page
81,81,37,11,2026-05-01 22:40:00,control,old_page
82,82,63,17,2026-05-01 11:42:00,control,old_page
83,83,30,9,2026-05-02 02:37:00,control,old_page
84,84,16,5,2026-05-01 11:45:00,control,old_page
85,85,59,16,2026-05-01 17:31:00,treatment,runtime_context_panel
86,86,56,16,2026-05-01 19:50:00,control,old_page
87,87,68,18,2026-05-01 20:20:00,control,old_page
88,88,48,13,2026-05-02 01:30:00,treatment,runtime_context_panel
89,89,10,4,2026-05-01 20:40:00,control,old_page
90,90,2,1,2026-05-01 17:41:00,treatment,runtime_context_panel
91,91,9,3,2026-05-01 13:59:00,treatment,runtime_context_panel
92,92,71,19,2026-05-01 23:43:00,control,old_page
93,93,7,3,2026-05-01 12:49:00,treatment,runtime_context_panel
94,94,36,10,2026-05-02 02:05:00,treatment,runtime_context_panel
95,95,39,11,2026-05-01 14:16:00,control,old_page
96,96,34,9,2026-05-01 10:41:00,control,old_page
97,97,56,16,2026-05-01 18:01:00,treatment,runtime_context_panel
98,98,38,11,2026-05-01 21:50:00,treatment,runtime_context_panel
99,99,32,9,2026-05-01 11:58:00,treatment,runtime_context_panel
100,100,3,1,2026-05-02 00:50:00,treatment,runtime_context_panel
101,101,59,16,2026-05-01 22:58:00,control,old_page
102,102,10,4,2026-05-02 02:36:00,control,old_page
103,103,35,10,2026-05-01 19:25:00,treatment,runtime_context_panel
104,104,16,5,2026-05-02 01:55:00,treatment,runtime_context_panel
105,105,29,8,2026-05-01 19:24:00,control,old_page
106,106,13,5,2026-05-01 14:42:00,treatment,runtime_context_panel
107,107,36,10,2026-05-02 00:17:00,treatment,runtime_context_panel
108,108,55,15,2026-05-01 15:53:00,treatment,runtime_context_panel
109,109,22,7,2026-05-01 19:45:00,treatment,runtime_context_panel
110,110,48,13,2026-05-01 21:19:00,control,old_page
111,111,37,11,2026-05-02 00:55:00,treatment,runtime_context_panel
112,112,50,14,2026-05-01 11:16:00,treatment,runtime_context_panel
113,113,32,9,2026-05-01 20:38:00,treatment,runtime_context_panel
114,114,47,13,2026-05-01 20:41:00,treatment,runtime_context_panel
115,115,6,2,2026-05-01 11:10:00,control,old_page
116,116,35,10,2026-05-01 22:44:00,control,old_page
117,117,11,4,2026-05-01 12:50:00,treatment,runtime_context_panel
118,118,5,2,2026-05-01 23:35:00,control,old_page
119,119,18,6,2026-05-01 12:59:00,control,old_page
120,120,49,13,2026-05-01 21:39:00,control,old_page
121,121,30,9,2026-05-02 01:20:00,treatment,runtime_context_panel
122,122,66,18,2026-05-01 11:15:00,treatment,runtime_context_panel
123,123,70,19,2026-05-01 20:54:00,treatment,runtime_context_panel
124,124,10,4,2026-05-01 16:30:00,treatment,runtime_context_panel
125,125,47,13,2026-05-01 10:08:00,control,old_page
126,126,58,16,2026-05-01 23:14:00,control,old_page
127,127,41,12,2026-05-01 20:51:00,control,old_page
128,128,13,5,2026-05-02 01:25:00,control,old_page
129,129,36,10,2026-05-01 22:45:00,treatment,runtime_context_panel
130,130,44,12,2026-05-01 18:33:00,treatment,runtime_context_panel
131,131,33,9,2026-05-02 02:30:00,treatment,runtime_context_panel
132,132,29,8,2026-05-02 02:30:00,treatment,runtime_context_panel
133,133,34,9,2026-05-01 16:30:00,treatment,runtime_context_panel
134,134,67,18,2026-05-02 01:37:00,control,old_page
135,135,54,15,2026-05-01 21:04:00,treatment,runtime_context_panel
136,136,10,4,2026-05-01 14:00:00,control,old_page
137,137,68,18,2026-05-01 20:01:00,control,old_page
138,138,11,4,2026-05-01 20:30:00,treatment,runtime_context_panel
139,139,30,9,2026-05-01 21:46:00,treatment,runtime_context_panel
140,140,67,18,2026-05-01 11:02:00,treatment,runtime_context_panel
141,141,72,20,2026-05-01 10:51:00,treatment,runtime_context_panel
142,142,25,7,2026-05-01 13:41:00,control,old_page
143,143,15,5,2026-05-01 23:37:00,control,old_page
144,144,70,19,2026-05-01 10:16:00,control,old_page
145,145,59,16,2026-05-01 23:16:00,treatment,runtime_context_panel
146,146,63,17,2026-05-01 17:49:00,control,old_page
147,147,52,15,2026-05-02 01:20:00,control,old_page
148,148,67,18,2026-05-01 16:30:00,treatment,runtime_context_panel
149,149,12,4,2026-05-01 21:06:00,control,old_page
150,150,50,14,2026-05-01 15:20:00,treatment,runtime_context_panel
151,151,56,16,2026-05-01 11:33:00,control,old_page
152,152,6,2,2026-05-02 02:19:00,treatment,runtime_context_panel
153,153,50,14,2026-05-02 02:31:00,treatment,runtime_context_panel
154,154,57,16,2026-05-02 00:27:00,control,old_page
155,155,69,19,2026-05-01 23:46:00,treatment,runtime_context_panel
156,156,72,20,2026-05-01 20:23:00,treatment,runtime_context_panel
157,157,40,12,2026-05-01 13:05:00,control,old_page
158,158,45,13,2026-05-01 12:25:00,control,old_page
159,159,42,12,2026-05-01 22:18:00,treatment,runtime_context_panel
160,160,71,19,2026-05-01 11:26:00,control,old_page
161,161,33,9,2026-05-01 21:17:00,treatment,runtime_context_panel
162,162,43,12,2026-05-01 11:53:00,treatment,runtime_context_panel
163,163,4,2,2026-05-01 16:44:00,control,old_page
164,164,36,10,2026-05-01 12:02:00,control,old_page
165,165,63,17,2026-05-01 11:13:00,treatment,runtime_context_panel
166,166,5,2,2026-05-01 10:19:00,treatment,runtime_context_panel
167,167,39,11,2026-05-01 17:19:00,treatment,runtime_context_panel
168,168,73,20,2026-05-02 00:11:00,treatment,runtime_context_panel
169,169,8,3,2026-05-02 00:51:00,treatment,runtime_context_panel
170,170,62,17,2026-05-02 01:27:00,treatment,runtime_context_panel
171,171,22,7,2026-05-01 20:16:00,control,old_page
172,172,7,3,2026-05-02 02:14:00,treatment,runtime_context_panel
173,173,73,20,2026-05-02 00:44:00,treatment,runtime_context_panel
174,174,34,9,2026-05-01 10:57:00,treatment,runtime_context_panel
175,175,9,3,2026-05-02 00:44:00,control,old_page
176,176,64,17,2026-05-01 17:53:00,control,old_page
177,177,62,17,2026-05-02 02:20:00,control,old_page
178,178,9,3,2026-05-01 21:01:00,control,old_page
179,179,42,12,2026-05-02 01:39:00,treatment,runtime_context_panel
180,180,37,11,2026-05-01 15:37:00,control,old_page
181,181,47,13,2026-05-01 14:18:00,control,old_page
182,182,36,10,2026-05-01 12:12:00,control,old_page
183,183,61,17,2026-05-01 21:01:00,treatment,runtime_context_panel
184,184,57,16,2026-05-01 13:51:00,control,old_page
185,185,61,17,2026-05-01 21:17:00,treatment,runtime_context_panel
186,186,72,20,2026-05-01 20:11:00,treatment,runtime_context_panel
187,187,20,6,2026-05-01 10:44:00,treatment,runtime_context_panel
188,188,53,15,2026-05-01 19:06:00,control,old_page
189,189,23,7,2026-05-01 21:34:00,treatment,runtime_context_panel
190,190,25,7,2026-05-01 12:21:00,treatment,runtime_context_panel
191,191,61,17,2026-05-01 14:51:00,control,old_page
192,192,33,9,2026-05-02 01:27:00,control,old_page
193,193,7,3,2026-05-01 23:56:00,treatment,runtime_context_panel
194,194,2,1,2026-05-01 10:54:00,treatment,runtime_context_panel
195,195,12,4,2026-05-01 21:05:00,treatment,runtime_context_panel
196,196,13,5,2026-05-01 14:53:00,treatment,runtime_context_panel
197,197,7,3,2026-05-01 14:22:00,control,old_page
198,198,68,18,2026-05-01 11:53:00,treatment,runtime_context_panel
199,199,52,15,2026-05-01 11:53:00,treatment,runtime_context_panel
200,200,36,10,2026-05-01 10:01:00,treatment,runtime_context_panel
201,201,63,17,2026-05-01 11:09:00,control,old_page
202,202,2,1,2026-05-01 23:27:00,control,old_page
203,203,37,11,2026-05-01 10:45:00,treatment,runtime_context_panel
204,204,55,15,2026-05-01 20:46:00,control,old_page
205,205,9,3,2026-05-01 23:14:00,treatment,runtime_context_panel
206,206,38,11,2026-05-01 18:47:00,treatment,runtime_context_panel
207,207,68,18,2026-05-01 14:19:00,control,old_page
208,208,23,7,2026-05-01 16:05:00,control,old_page
209,209,38,11,2026-05-01 12:07:00,treatment,runtime_context_panel
210,210,47,13,2026-05-02 02:37:00,control,old_page
211,211,50,14,2026-05-01 17:20:00,control,old_page
212,212,55,15,2026-05-01 12:50:00,treatment,runtime_context_panel
213,213,51,14,2026-05-01 20:54:00,control,old_page
214,214,17,6,2026-05-01 12:26:00,treatment,runtime_context_panel
215,215,6,2,2026-05-01 12:37:00,treatment,runtime_context_panel
216,216,43,12,2026-05-01 23:01:00,control,old_page
217,217,63,17,2026-05-01 16:47:00,treatment,runtime_context_panel
218,218,60,16,2026-05-01 16:36:00,control,old_page
219,219,57,16,2026-05-01 12:05:00,control,old_page
220,220,53,15,2026-05-02 01:20:00,treatment,runtime_context_panel
221,221,39,11,2026-05-01 15:55:00,control,old_page
222,222,19,6,2026-05-01 18:40:00,control,old_page
223,223,44,12,2026-05-01 19:46:00,treatment,runtime_context_panel
224,224,8,3,2026-05-01 16:47:00,treatment,runtime_context_panel
225,225,8,3,2026-05-01 17:57:00,treatment,runtime_context_panel
226,226,18,6,2026-05-01 17:23:00,control,old_page
227,227,62,17,2026-05-01 15:11:00,control,old_page
228,228,8,3,2026-05-01 13:21:00,treatment,runtime_context_panel
229,229,71,19,2026-05-01 12:37:00,control,old_page
230,230,73,20,2026-05-02 00:22:00,control,old_page
231,231,1,1,2026-05-01 10:46:00,treatment,runtime_context_panel
232,232,2,1,2026-05-02 01:10:00,treatment,runtime_context_panel
233,233,47,13,2026-05-01 17:44:00,control,old_page
234,234,20,6,2026-05-01 17:05:00,treatment,runtime_context_panel
235,235,43,12,2026-05-01 12:13:00,treatment,runtime_context_panel
236,236,27,8,2026-05-01 11:39:00,control,old_page
237,237,39,11,2026-05-01 22:18:00,treatment,runtime_context_panel
238,238,56,16,2026-05-01 11:32:00,treatment,runtime_context_panel
239,239,60,16,2026-05-02 01:03:00,treatment,runtime_context_panel
240,240,43,12,2026-05-01 16:14:00,control,old_page
241,241,49,13,2026-05-01 17:41:00,treatment,runtime_context_panel
242,242,72,20,2026-05-01 12:11:00,control,old_page
243,243,14,5,2026-05-01 20:16:00,treatment,runtime_context_panel
244,244,60,16,2026-05-01 17:47:00,control,old_page
245,245,62,17,2026-05-01 15:35:00,treatment,runtime_context_panel
246,246,68,18,2026-05-01 22:05:00,treatment,runtime_context_panel
247,247,51,14,2026-05-01 23:35:00,control,old_page
248,248,34,9,2026-05-01 19:51:00,control,old_page
249,249,70,19,2026-05-01 12:54:00,treatment,runtime_context_panel
250,250,21,7,2026-05-01 17:31:00,treatment,runtime_context_panel
251,251,56,16,2026-05-01 22:02:00,control,old_page
252,252,20,6,2026-05-02 01:34:00,treatment,runtime_context_panel
253,253,34,9,2026-05-01 18:15:00,control,old_page
254,254,34,9,2026-05-01 15:05:00,control,old_page
255,255,36,10,2026-05-01 22:01:00,control,old_page
256,256,58,16,2026-05-01 18:11:00,treatment,runtime_context_panel
257,257,68,18,2026-05-02 01:17:00,treatment,runtime_context_panel
258,258,15,5,2026-05-01 10:43:00,treatment,runtime_context_panel
259,259,8,3,2026-05-02 01:46:00,treatment,runtime_context_panel
260,260,67,18,2026-05-01 12:20:00,control,old_page
261,261,69,19,2026-05-01 14:08:00,control,old_page
262,262,62,17,2026-05-01 20:53:00,control,old_page
263,263,3,1,2026-05-02 01:51:00,control,old_page
264,264,38,11,2026-05-01 21:01:00,control,old_page
265,265,9,3,2026-05-01 19:47:00,control,old_page
266,266,20,6,2026-05-02 01:03:00,control,old_page
267,267,5,2,2026-05-01 23:26:00,treatment,runtime_context_panel
268,268,2,1,2026-05-01 19:41:00,control,old_page
269,269,38,11,2026-05-01 17:45:00,treatment,runtime_context_panel
270,270,16,5,2026-05-01 14:39:00,control,old_page
271,271,37,11,2026-05-01 22:28:00,treatment,runtime_context_panel
272,272,35,10,2026-05-01 12:59:00,treatment,runtime_context_panel
273,273,63,17,2026-05-01 11:28:00,treatment,runtime_context_panel
274,274,33,9,2026-05-01 14:01:00,treatment,runtime_context_panel
275,275,38,11,2026-05-01 19:56:00,control,old_page
276,276,35,10,2026-05-01 16:55:00,treatment,runtime_context_panel
277,277,16,5,2026-05-01 12:36:00,treatment,runtime_context_panel
278,278,60,16,2026-05-01 23:41:00,control,old_page
279,279,72,20,2026-05-01 18:58:00,treatment,runtime_context_panel
280,280,62,17,2026-05-01 19:46:00,control,old_page
281,281,70,19,2026-05-01 11:33:00,treatment,runtime_context_panel
282,282,53,15,2026-05-01 18:45:00,treatment,runtime_context_panel
283,283,35,10,2026-05-01 16:45:00,treatment,runtime_context_panel
284,284,25,7,2026-05-01 11:14:00,control,old_page
285,285,8,3,2026-05-01 10:32:00,treatment,runtime_context_panel
286,286,51,14,2026-05-02 01:12:00,treatment,runtime_context_panel
287,287,66,18,2026-05-01 21:09:00,treatment,runtime_context_panel
288,288,2,1,2026-05-01 17:54:00,treatment,runtime_context_panel
289,289,21,7,2026-05-01 10:32:00,treatment,runtime_context_panel
290,290,72,20,2026-05-01 17:37:00,control,old_page
291,291,15,5,2026-05-01 13:59:00,treatment,runtime_context_panel
292,292,62,17,2026-05-01 17:03:00,treatment,runtime_context_panel
293,293,51,14,2026-05-01 10:48:00,treatment,runtime_context_panel
294,294,49,13,2026-05-01 15:26:00,treatment,runtime_context_panel
295,295,57,16,2026-05-02 00:29:00,control,old_page
296,296,68,18,2026-05-02 02:31:00,treatment,runtime_context_panel
297,297,8,3,2026-05-02 00:27:00,treatment,runtime_context_panel
298,298,72,20,2026-05-02 00:54:00,control,old_page
299,299,24,7,2026-05-01 13:33:00,treatment,runtime_context_panel
300,300,12,4,2026-05-01 22:52:00,treatment,runtime_context_panel
301,301,72,20,2026-05-01 16:46:00,control,old_page
302,302,36,10,2026-05-01 17:57:00,treatment,runtime_context_panel
303,303,58,16,2026-05-02 01:36:00,control,old_page
304,304,13,5,2026-05-01 14:27:00,treatment,runtime_context_panel
305,305,60,16,2026-05-01 21:10:00,treatment,runtime_context_panel
306,306,59,16,2026-05-01 12:52:00,treatment,runtime_context_panel
307,307,6,2,2026-05-01 10:34:00,control,old_page
308,308,4,2,2026-05-01 17:02:00,control,old_page
309,309,26,8,2026-05-01 22:04:00,control,old_page
310,310,73,20,2026-05-01 21:15:00,treatment,runtime_context_panel
311,311,34,9,2026-05-02 02:40:00,treatment,runtime_context_panel
312,312,10,4,2026-05-01 18:56:00,control,old_page
313,313,33,9,2026-05-01 11:20:00,treatment,runtime_context_panel
314,314,53,15,2026-05-01 21:53:00,control,old_page
315,315,4,2,2026-05-01 16:55:00,treatment,runtime_context_panel
316,316,59,16,2026-05-01 21:00:00,treatment,runtime_context_panel
317,317,27,8,2026-05-02 01:22:00,treatment,runtime_context_panel
318,318,65,18,2026-05-01 13:03:00,treatment,runtime_context_panel
319,319,45,13,2026-05-01 15:06:00,control,old_page
320,320,70,19,2026-05-01 21:33:00,treatment,runtime_context_panel
321,321,63,17,2026-05-01 10:54:00,control,old_page
322,322,73,20,2026-05-02 02:32:00,treatment,runtime_context_panel
323,323,48,13,2026-05-01 13:10:00,treatment,runtime_context_panel
324,324,8,3,2026-05-01 12:37:00,treatment,runtime_context_panel
325,325,7,3,2026-05-02 02:05:00,treatment,runtime_context_panel
326,326,55,15,2026-05-01 11:45:00,control,old_page
327,327,2,1,2026-05-01 17:03:00,treatment,runtime_context_panel
328,328,66,18,2026-05-01 19:45:00,control,old_page
329,329,18,6,2026-05-01 14:35:00,treatment,runtime_context_panel
330,330,56,16,2026-05-01 16:09:00,treatment,runtime_context_panel
331,331,60,16,2026-05-01 20:31:00,control,old_page
332,332,39,11,2026-05-01 16:29:00,treatment,runtime_context_panel
333,333,15,5,2026-05-01 15:28:00,control,old_page
334,334,60,16,2026-05-01 23:20:00,control,old_page
335,335,25,7,2026-05-01 19:18:00,control,old_page
336,336,65,18,2026-05-02 02:15:00,treatment,runtime_context_panel
337,337,24,7,2026-05-01 23:36:00,treatment,runtime_context_panel
338,338,8,3,2026-05-01 21:29:00,treatment,runtime_context_panel
339,339,51,14,2026-05-01 11:15:00,treatment,runtime_context_panel
340,340,60,16,2026-05-01 16:50:00,treatment,runtime_context_panel
341,341,65,18,2026-05-01 11:51:00,control,old_page
342,342,41,12,2026-05-01 21:02:00,control,old_page
343,343,47,13,2026-05-02 02:28:00,treatment,runtime_context_panel
344,344,71,19,2026-05-01 19:49:00,control,old_page
345,345,40,12,2026-05-01 18:14:00,control,old_page
346,346,15,5,2026-05-01 15:19:00,treatment,runtime_context_panel
347,347,54,15,2026-05-01 11:08:00,treatment,runtime_context_panel
348,348,12,4,2026-05-01 23:39:00,control,old_page
349,349,27,8,2026-05-01 19:25:00,control,old_page
350,350,18,6,2026-05-01 20:55:00,treatment,runtime_context_panel
351,351,3,1,2026-05-01 13:39:00,control,old_page
352,352,19,6,2026-05-01 15:33:00,control,old_page
353,353,73,20,2026-05-01 20:25:00,treatment,runtime_context_panel
354,354,35,10,2026-05-01 21:28:00,control,old_page
355,355,64,17,2026-05-01 17:08:00,control,old_page
356,356,50,14,2026-05-01 18:18:00,control,old_page
357,357,58,16,2026-05-01 12:23:00,control,old_page
358,358,2,1,2026-05-01 12:19:00,control,old_page
359,359,68,18,2026-05-01 16:58:00,treatment,runtime_context_panel
360,360,28,8,2026-05-01 10:33:00,treatment,runtime_context_panel
361,361,65,18,2026-05-01 19:46:00,control,old_page
362,362,53,15,2026-05-01 17:15:00,control,old_page
363,363,28,8,2026-05-02 00:55:00,control,old_page
364,364,25,7,2026-05-01 21:45:00,treatment,runtime_context_panel
365,365,73,20,2026-05-01 12:49:00,control,old_page
366,366,21,7,2026-05-01 19:43:00,treatment,runtime_context_panel
367,367,36,10,2026-05-02 02:15:00,control,old_page
368,368,31,9,2026-05-01 21:58:00,control,old_page
369,369,48,13,2026-05-01 12:25:00,treatment,runtime_context_panel
370,370,8,3,2026-05-01 18:47:00,treatment,runtime_context_panel
371,371,39,11,2026-05-01 10:02:00,control,old_page
372,372,54,15,2026-05-02 00:30:00,control,old_page
373,373,46,13,2026-05-02 02:31:00,treatment,runtime_context_panel
374,374,58,16,2026-05-01 15:30:00,treatment,runtime_context_panel
375,375,39,11,2026-05-01 23:00:00,control,old_page
376,376,55,15,2026-05-01 10:00:00,treatment,runtime_context_panel
377,377,35,10,2026-05-02 00:55:00,treatment,runtime_context_panel
378,378,17,6,2026-05-01 16:45:00,treatment,runtime_context_panel
379,379,10,4,2026-05-01 13:38:00,treatment,runtime_context_panel
380,380,1,1,2026-05-01 21:52:00,treatment,runtime_context_panel
381,381,50,14,2026-05-01 18:09:00,control,old_page
382,382,16,5,2026-05-01 23:12:00,control,old_page
383,383,13,5,2026-05-01 19:03:00,control,old_page
384,384,20,6,2026-05-01 15:59:00,control,old_page
385,385,16,5,2026-05-01 20:30:00,treatment,runtime_context_panel
386,386,7,3,2026-05-01 12:23:00,control,old_page
387,387,47,13,2026-05-02 02:26:00,treatment,runtime_context_panel
388,388,28,8,2026-05-01 23:17:00,control,old_page
389,389,35,10,2026-05-01 18:50:00,control,old_page
390,390,35,10,2026-05-01 23:22:00,control,old_page
391,391,9,3,2026-05-02 01:10:00,control,old_page
392,392,37,11,2026-05-01 16:36:00,treatment,runtime_context_panel
393,393,7,3,2026-05-01 20:01:00,control,old_page
394,394,49,13,2026-05-01 14:53:00,treatment,runtime_context_panel
395,395,30,9,2026-05-01 15:17:00,control,old_page
396,396,8,3,2026-05-01 21:55:00,treatment,runtime_context_panel
397,397,11,4,2026-05-01 20:26:00,control,old_page
398,398,13,5,2026-05-01 12:47:00,treatment,runtime_context_panel
399,399,63,17,2026-05-01 12:50:00,treatment,runtime_context_panel
400,400,10,4,2026-05-01 15:43:00,treatment,runtime_context_panel
401,401,8,3,2026-05-01 17:46:00,treatment,runtime_context_panel
402,402,71,19,2026-05-01 22:20:00,control,old_page
403,403,1,1,2026-05-01 10:47:00,treatment,runtime_context_panel
404,404,6,2,2026-05-01 23:42:00,treatment,runtime_context_panel
405,405,70,19,2026-05-01 12:02:00,control,old_page
406,406,8,3,2026-05-02 00:46:00,treatment,runtime_context_panel
407,407,36,10,2026-05-01 11:28:00,treatment,runtime_context_panel
408,408,72,20,2026-05-01 17:55:00,treatment,runtime_context_panel
409,409,66,18,2026-05-01 12:34:00,control,old_page
410,410,1,1,2026-05-01 19:14:00,treatment,runtime_context_panel
411,411,3,1,2026-05-01 16:25:00,treatment,runtime_context_panel
412,412,30,9,2026-05-01 10:44:00,control,old_page
413,413,64,17,2026-05-01 21:57:00,treatment,runtime_context_panel
414,414,45,13,2026-05-01 20:06:00,control,old_page
415,415,38,11,2026-05-01 17:43:00,treatment,runtime_context_panel
416,416,55,15,2026-05-01 15:21:00,treatment,runtime_context_panel
417,417,10,4,2026-05-01 12:41:00,treatment,runtime_context_panel
418,418,72,20,2026-05-01 13:40:00,treatment,runtime_context_panel
419,419,36,10,2026-05-01 23:59:00,control,old_page
420,420,11,4,2026-05-01 11:44:00,control,old_page
421,421,40,12,2026-05-01 19:56:00,treatment,runtime_context_panel
422,422,7,3,2026-05-01 11:06:00,control,old_page
423,423,53,15,2026-05-01 11:34:00,treatment,runtime_context_panel
424,424,51,14,2026-05-01 18:28:00,control,old_page
425,425,33,9,2026-05-02 01:04:00,control,old_page
426,426,59,16,2026-05-02 01:03:00,treatment,runtime_context_panel
427,427,26,8,2026-05-01 16:31:00,treatment,runtime_context_panel
428,428,63,17,2026-05-01 16:37:00,treatment,runtime_context_panel
429,429,5,2,2026-05-01 19:02:00,treatment,runtime_context_panel
430,430,27,8,2026-05-01 11:42:00,control,old_page
431,431,34,9,2026-05-01 23:55:00,control,old_page
432,432,29,8,2026-05-01 16:03:00,control,old_page
433,433,69,19,2026-05-01 22:00:00,treatment,runtime_context_panel
434,434,69,19,2026-05-01 19:36:00,control,old_page
435,435,60,16,2026-05-01 15:16:00,control,old_page
436,436,3,1,2026-05-01 18:09:00,control,old_page
437,437,4,2,2026-05-01 12:31:00,control,old_page
438,438,63,17,2026-05-02 02:23:00,control,old_page
439,439,14,5,2026-05-01 22:29:00,treatment,runtime_context_panel
440,440,58,16,2026-05-01 12:58:00,treatment,runtime_context_panel
441,441,35,10,2026-05-01 13:01:00,control,old_page
442,442,70,19,2026-05-02 00:31:00,control,old_page
443,443,57,16,2026-05-01 15:39:00,control,old_page
444,444,9,3,2026-05-01 21:26:00,treatment,runtime_context_panel
445,445,42,12,2026-05-01 23:25:00,control,old_page
446,446,5,2,2026-05-01 17:28:00,treatment,runtime_context_panel
447,447,51,14,2026-05-02 01:02:00,treatment,runtime_context_panel
448,448,71,19,2026-05-01 22:56:00,control,old_page
449,449,10,4,2026-05-01 15:50:00,control,old_page
450,450,17,6,2026-05-01 19:20:00,control,old_page
451,451,50,14,2026-05-01 20:21:00,treatment,runtime_context_panel
452,452,51,14,2026-05-01 21:16:00,treatment,runtime_context_panel
453,453,13,5,2026-05-01 16:09:00,control,old_page
454,454,57,16,2026-05-01 11:39:00,control,old_page
455,455,48,13,2026-05-01 18:20:00,treatment,runtime_context_panel
456,456,20,6,2026-05-01 10:45:00,treatment,runtime_context_panel
457,457,10,4,2026-05-01 21:24:00,treatment,runtime_context_panel
458,458,50,14,2026-05-01 19:26:00,control,old_page
459,459,64,17,2026-05-02 02:28:00,treatment,runtime_context_panel
460,460,6,2,2026-05-01 19:44:00,control,old_page
461,461,18,6,2026-05-01 23:47:00,control,old_page
462,462,15,5,2026-05-01 15:27:00,control,old_page
463,463,52,15,2026-05-01 23:25:00,treatment,runtime_context_panel
464,464,12,4,2026-05-01 23:18:00,control,old_page
465,465,67,18,2026-05-02 00:58:00,treatment,runtime_context_panel
466,466,4,2,2026-05-01 14:42:00,treatment,runtime_context_panel
467,467,26,8,2026-05-01 22:43:00,treatment,runtime_context_panel
468,468,40,12,2026-05-01 15:45:00,treatment,runtime_context_panel
469,469,27,8,2026-05-01 15:07:00,treatment,runtime_context_panel
470,470,38,11,2026-05-01 22:26:00,treatment,runtime_context_panel
471,471,60,16,2026-05-02 00:48:00,treatment,runtime_context_panel
472,472,62,17,2026-05-01 11:07:00,treatment,runtime_context_panel
473,473,1,1,2026-05-01 13:17:00,control,old_page
474,474,26,8,2026-05-01 17:47:00,control,old_page
475,475,23,7,2026-05-01 16:17:00,treatment,runtime_context_panel
476,476,28,8,2026-05-01 18:20:00,treatment,runtime_context_panel
477,477,30,9,2026-05-01 14:51:00,control,old_page
478,478,22,7,2026-05-01 21:02:00,control,old_page
479,479,33,9,2026-05-01 18:45:00,control,old_page
480,480,2,1,2026-05-02 01:33:00,control,old_page
481,481,72,20,2026-05-01 13:49:00,treatment,runtime_context_panel
482,482,51,14,2026-05-02 00:32:00,treatment,runtime_context_panel
483,483,73,20,2026-05-01 19:58:00,control,old_page
484,484,36,10,2026-05-01 21:40:00,control,old_page
485,485,35,10,2026-05-01 12:33:00,control,old_page
486,486,73,20,2026-05-01 21:16:00,treatment,runtime_context_panel
487,487,51,14,2026-05-01 16:37:00,control,old_page
488,488,69,19,2026-05-01 15:51:00,control,old_page
489,489,58,16,2026-05-01 18:39:00,treatment,runtime_context_panel
490,490,66,18,2026-05-01 15:00:00,control,old_page
491,491,19,6,2026-05-01 21:10:00,control,old_page
492,492,42,12,2026-05-01 19:59:00,treatment,runtime_context_panel
493,493,71,19,2026-05-02 02:06:00,control,old_page
494,494,49,13,2026-05-01 15:05:00,treatment,runtime_context_panel
495,495,38,11,2026-05-01 19:43:00,treatment,runtime_context_panel
496,496,58,16,2026-05-01 20:46:00,control,old_page
497,497,69,19,2026-05-01 18:21:00,control,old_page
498,498,1,1,2026-05-01 19:06:00,control,old_page
499,499,2,1,2026-05-01 22:55:00,control,old_page
500,500,35,10,2026-05-01 11:45:00,treatment,runtime_context_panel
501,501,36,10,2026-05-01 17:46:00,treatment,runtime_context_panel
502,502,58,16,2026-05-01 22:48:00,control,old_page
503,503,14,5,2026-05-01 22:31:00,control,old_page
504,504,17,6,2026-05-01 16:15:00,control,old_page
505,505,72,20,2026-05-01 21:17:00,control,old_page
506,506,1,1,2026-05-01 21:46:00,control,old_page
507,507,21,7,2026-05-01 15:08:00,treatment,runtime_context_panel
508,508,16,5,2026-05-02 00:10:00,control,old_page
509,509,25,7,2026-05-01 13:24:00,treatment,runtime_context_panel
510,510,23,7,2026-05-01 22:00:00,treatment,runtime_context_panel
511,511,58,16,2026-05-01 14:00:00,control,old_page
512,512,57,16,2026-05-02 02:12:00,control,old_page
513,513,9,3,2026-05-01 22:20:00,control,old_page
514,514,29,8,2026-05-02 02:40:00,treatment,runtime_context_panel
515,515,36,10,2026-05-01 23:40:00,treatment,runtime_context_panel
516,516,19,6,2026-05-01 16:06:00,treatment,runtime_context_panel
517,517,30,9,2026-05-01 16:21:00,treatment,runtime_context_panel
518,518,59,16,2026-05-01 21:04:00,control,old_page
519,519,17,6,2026-05-01 17:06:00,treatment,runtime_context_panel
520,520,53,15,2026-05-01 20:25:00,treatment,runtime_context_panel
521,521,72,20,2026-05-02 00:43:00,control,old_page
522,522,37,11,2026-05-01 22:01:00,control,old_page
523,523,39,11,2026-05-01 18:55:00,control,old_page
524,524,46,13,2026-05-02 00:19:00,control,old_page
525,525,57,16,2026-05-01 11:16:00,treatment,runtime_context_panel
526,526,48,13,2026-05-01 23:56:00,control,old_page
527,527,54,15,2026-05-01 12:01:00,treatment,runtime_context_panel
528,528,1,1,2026-05-01 23:30:00,treatment,runtime_context_panel
529,529,66,18,2026-05-01 21:10:00,treatment,runtime_context_panel
530,530,40,12,2026-05-01 23:56:00,control,old_page
531,531,39,11,2026-05-01 23:05:00,treatment,runtime_context_panel
532,532,26,8,2026-05-01 15:49:00,treatment,runtime_context_panel
533,533,36,10,2026-05-01 21:58:00,control,old_page
534,534,50,14,2026-05-01 14:20:00,control,old_page
535,535,37,11,2026-05-01 22:55:00,treatment,runtime_context_panel
536,536,53,15,2026-05-02 02:26:00,treatment,runtime_context_panel
537,537,70,19,2026-05-02 01:46:00,control,old_page
538,538,18,6,2026-05-01 11:46:00,treatment,runtime_context_panel
539,539,72,20,2026-05-01 14:40:00,treatment,runtime_context_panel
540,540,36,10,2026-05-01 23:44:00,control,old_page
541,541,67,18,2026-05-01 22:08:00,control,old_page
542,542,14,5,2026-05-01 18:35:00,treatment,runtime_context_panel
543,543,51,14,2026-05-02 00:58:00,treatment,runtime_context_panel
544,544,61,17,2026-05-01 10:25:00,treatment,runtime_context_panel
545,545,36,10,2026-05-01 12:29:00,control,old_page
546,546,35,10,2026-05-01 22:51:00,control,old_page
547,547,66,18,2026-05-01 22:40:00,treatment,runtime_context_panel
548,548,48,13,2026-05-01 17:06:00,treatment,runtime_context_panel
549,549,4,2,2026-05-01 22:41:00,treatment,runtime_context_panel
550,550,44,12,2026-05-01 19:19:00,control,old_page
551,551,23,7,2026-05-01 17:39:00,control,old_page
552,552,7,3,2026-05-02 02:25:00,control,old_page
553,553,11,4,2026-05-01 10:41:00,treatment,runtime_context_panel
554,554,38,11,2026-05-01 22:06:00,control,old_page
555,555,73,20,2026-05-01 18:22:00,treatment,runtime_context_panel
556,556,9,3,2026-05-01 12:43:00,treatment,runtime_context_panel
557,557,38,11,2026-05-01 16:09:00,treatment,runtime_context_panel
558,558,1,1,2026-05-01 21:24:00,treatment,runtime_context_panel
559,559,26,8,2026-05-01 21:38:00,treatment,runtime_context_panel
560,560,3,1,2026-05-02 00:01:00,treatment,runtime_context_panel
561,561,23,7,2026-05-01 18:46:00,control,old_page
562,562,17,6,2026-05-01 20:41:00,control,old_page
563,563,50,14,2026-05-01 13:30:00,treatment,runtime_context_panel
564,564,37,11,2026-05-01 11:29:00,control,old_page
565,565,33,9,2026-05-01 16:37:00,treatment,runtime_context_panel
566,566,3,1,2026-05-01 22:17:00,control,old_page
567,567,69,19,2026-05-01 21:57:00,control,old_page
568,568,35,10,2026-05-01 14:48:00,treatment,runtime_context_panel
569,569,16,5,2026-05-01 23:35:00,treatment,runtime_context_panel
570,570,15,5,2026-05-01 21:33:00,treatment,runtime_context_panel
571,571,3,1,2026-05-02 00:55:00,control,old_page
572,572,35,10,2026-05-01 22:46:00,treatment,runtime_context_panel
573,573,73,20,2026-05-01 13:18:00,control,old_page
574,574,68,18,2026-05-01 21:00:00,control,old_page
575,575,38,11,2026-05-01 12:11:00,control,old_page
576,576,73,20,2026-05-01 21:50:00,control,old_page
577,577,42,12,2026-05-02 02:21:00,treatment,runtime_context_panel
578,578,51,14,2026-05-02 00:20:00,treatment,runtime_context_panel
579,579,60,16,2026-05-01 11:51:00,control,old_page
580,580,8,3,2026-05-02 00:39:00,control,old_page
581,581,23,7,2026-05-01 22:31:00,control,old_page
582,582,3,1,2026-05-01 20:46:00,control,old_page
583,583,70,19,2026-05-01 23:07:00,control,old_page
584,584,67,18,2026-05-01 19:16:00,treatment,runtime_context_panel
585,585,35,10,2026-05-01 17:55:00,control,old_page
586,586,18,6,2026-05-01 17:36:00,control,old_page
587,587,58,16,2026-05-01 10:41:00,control,old_page
588,588,26,8,2026-05-01 14:30:00,treatment,runtime_context_panel
589,589,43,12,2026-05-01 18:00:00,treatment,runtime_context_panel
590,590,6,2,2026-05-01 15:31:00,control,old_page
591,591,63,17,2026-05-02 00:14:00,treatment,runtime_context_panel
592,592,44,12,2026-05-01 21:09:00,control,old_page
593,593,59,16,2026-05-02 01:08:00,control,old_page
594,594,31,9,2026-05-01 12:33:00,control,old_page
595,595,51,14,2026-05-01 22:17:00,control,old_page
596,596,1,1,2026-05-01 10:44:00,control,old_page
597,597,18,6,2026-05-01 20:44:00,control,old_page
598,598,13,5,2026-05-01 12:50:00,treatment,runtime_context_panel
599,599,64,17,2026-05-01 20:13:00,control,old_page
600,600,35,10,2026-05-01 13:41:00,treatment,runtime_context_panel
601,601,72,20,2026-05-01 23:33:00,control,old_page
602,602,63,17,2026-05-01 12:51:00,treatment,runtime_context_panel
603,603,72,20,2026-05-01 13:55:00,treatment,runtime_context_panel
604,604,50,14,2026-05-01 20:20:00,control,old_page
605,605,61,17,2026-05-01 11:35:00,treatment,runtime_context_panel
606,606,51,14,2026-05-01 16:19:00,control,old_page
607,607,50,14,2026-05-02 02:00:00,treatment,runtime_context_panel
608,608,47,13,2026-05-01 20:03:00,control,old_page
609,609,8,3,2026-05-01 20:12:00,treatment,runtime_context_panel
610,610,71,19,2026-05-01 12:00:00,control,old_page
611,611,51,14,2026-05-01 14:27:00,treatment,runtime_context_panel
612,612,68,18,2026-05-01 13:03:00,treatment,runtime_context_panel
613,613,46,13,2026-05-02 00:35:00,control,old_page
614,614,53,15,2026-05-01 11:42:00,control,old_page
615,615,4,2,2026-05-01 16:38:00,control,old_page
616,616,16,5,2026-05-02 01:48:00,treatment,runtime_context_panel
617,617,48,13,2026-05-01 20:28:00,treatment,runtime_context_panel
618,618,52,15,2026-05-01 13:26:00,treatment,runtime_context_panel
619,619,17,6,2026-05-01 16:08:00,control,old_page
620,620,17,6,2026-05-01 14:42:00,treatment,runtime_context_panel
621,621,7,3,2026-05-01 19:22:00,treatment,runtime_context_panel
622,622,27,8,2026-05-01 17:45:00,treatment,runtime_context_panel
623,623,63,17,2026-05-01 15:48:00,control,old_page
624,624,34,9,2026-05-01 23:52:00,treatment,runtime_context_panel
625,625,38,11,2026-05-01 21:37:00,treatment,runtime_context_panel
626,626,2,1,2026-05-01 11:59:00,treatment,runtime_context_panel
627,627,28,8,2026-05-01 17:02:00,treatment,runtime_context_panel
628,628,37,11,2026-05-01 19:27:00,control,old_page
629,629,24,7,2026-05-01 22:34:00,control,old_page
630,630,73,20,2026-05-01 12:39:00,control,old_page
631,631,5,2,2026-05-01 16:20:00,treatment,runtime_context_panel
632,632,57,16,2026-05-01 23:02:00,treatment,runtime_context_panel
633,633,60,16,2026-05-01 10:33:00,treatment,runtime_context_panel
634,634,64,17,2026-05-01 15:23:00,control,old_page
635,635,31,9,2026-05-01 19:21:00,treatment,runtime_context_panel
636,636,24,7,2026-05-01 21:57:00,treatment,runtime_context_panel
637,637,26,8,2026-05-01 22:18:00,treatment,runtime_context_panel
638,638,68,18,2026-05-02 00:36:00,treatment,runtime_context_panel
639,639,51,14,2026-05-01 12:17:00,treatment,runtime_context_panel
640,640,36,10,2026-05-01 19:35:00,control,old_page
641,641,11,4,2026-05-01 22:42:00,treatment,runtime_context_panel
642,642,32,9,2026-05-01 10:20:00,treatment,runtime_context_panel
643,643,66,18,2026-05-01 23:19:00,treatment,runtime_context_panel
644,644,52,15,2026-05-01 16:30:00,treatment,runtime_context_panel
645,645,38,11,2026-05-01 20:46:00,treatment,runtime_context_panel
646,646,7,3,2026-05-01 12:45:00,treatment,runtime_context_panel
647,647,73,20,2026-05-01 14:37:00,treatment,runtime_context_panel
648,648,44,12,2026-05-01 18:53:00,treatment,runtime_context_panel
649,649,30,9,2026-05-01 13:35:00,control,old_page
650,650,61,17,2026-05-01 11:46:00,treatment,runtime_context_panel
651,651,36,10,2026-05-01 20:41:00,control,old_page
652,652,59,16,2026-05-02 02:38:00,treatment,runtime_context_panel
653,653,70,19,2026-05-01 18:56:00,treatment,runtime_context_panel
654,654,60,16,2026-05-01 13:52:00,control,old_page
655,655,62,17,2026-05-01 15:52:00,treatment,runtime_context_panel
656,656,58,16,2026-05-01 10:09:00,treatment,runtime_context_panel
657,657,72,20,2026-05-01 23:35:00,control,old_page
658,658,48,13,2026-05-01 13:45:00,treatment,runtime_context_panel
659,659,73,20,2026-05-01 14:51:00,treatment,runtime_context_panel
660,660,55,15,2026-05-01 14:38:00,treatment,runtime_context_panel
661,661,1,1,2026-05-02 02:35:00,control,old_page
662,662,26,8,2026-05-01 12:34:00,control,old_page
663,663,58,16,2026-05-01 17:54:00,control,old_page
664,664,9,3,2026-05-01 18:01:00,control,old_page
665,665,12,4,2026-05-01 14:14:00,treatment,runtime_context_panel
666,666,53,15,2026-05-01 22:35:00,control,old_page
667,667,47,13,2026-05-02 01:58:00,treatment,runtime_context_panel
668,668,61,17,2026-05-01 14:19:00,treatment,runtime_context_panel
669,669,21,7,2026-05-01 14:01:00,treatment,runtime_context_panel
670,670,1,1,2026-05-01 19:55:00,treatment,runtime_context_panel
671,671,73,20,2026-05-02 01:53:00,control,old_page
672,672,57,16,2026-05-01 15:24:00,treatment,runtime_context_panel
673,673,53,15,2026-05-01 10:21:00,treatment,runtime_context_panel
674,674,36,10,2026-05-01 13:14:00,control,old_page
675,675,66,18,2026-05-01 11:10:00,control,old_page
676,676,64,17,2026-05-01 22:31:00,control,old_page
677,677,73,20,2026-05-01 23:14:00,control,old_page
678,678,25,7,2026-05-01 21:39:00,treatment,runtime_context_panel
679,679,15,5,2026-05-01 15:30:00,treatment,runtime_context_panel
680,680,4,2,2026-05-01 13:02:00,control,old_page
681,681,60,16,2026-05-01 20:38:00,treatment,runtime_context_panel
682,682,56,16,2026-05-01 17:59:00,control,old_page
683,683,6,2,2026-05-01 14:32:00,control,old_page
684,684,35,10,2026-05-02 02:07:00,control,old_page
685,685,10,4,2026-05-01 22:22:00,control,old_page
686,686,71,19,2026-05-02 02:10:00,control,old_page
687,687,68,18,2026-05-01 22:44:00,control,old_page
688,688,70,19,2026-05-01 21:30:00,treatment,runtime_context_panel
689,689,49,13,2026-05-01 15:45:00,control,old_page
690,690,67,18,2026-05-02 00:25:00,treatment,runtime_context_panel
691,691,66,18,2026-05-01 16:24:00,treatment,runtime_context_panel
692,692,72,20,2026-05-01 18:50:00,control,old_page
693,693,35,10,2026-05-01 15:07:00,control,old_page
694,694,66,18,2026-05-01 11:36:00,control,old_page
695,695,28,8,2026-05-01 23:50:00,treatment,runtime_context_panel
696,696,38,11,2026-05-01 12:57:00,treatment,runtime_context_panel
697,697,69,19,2026-05-01 20:09:00,treatment,runtime_context_panel
698,698,43,12,2026-05-01 17:06:00,control,old_page
699,699,26,8,2026-05-01 20:49:00,treatment,runtime_context_panel
700,700,62,17,2026-05-01 12:36:00,control,old_page
701,701,48,13,2026-05-01 22:50:00,control,old_page
702,702,60,16,2026-05-01 22:43:00,control,old_page
703,703,14,5,2026-05-01 18:12:00,control,old_page
704,704,27,8,2026-05-01 11:13:00,treatment,runtime_context_panel
705,705,39,11,2026-05-02 01:46:00,control,old_page
706,706,72,20,2026-05-01 23:08:00,treatment,runtime_context_panel
707,707,52,15,2026-05-02 01:46:00,control,old_page
708,708,12,4,2026-05-01 10:55:00,control,old_page
709,709,15,5,2026-05-01 10:14:00,treatment,runtime_context_panel
710,710,66,18,2026-05-01 13:28:00,treatment,runtime_context_panel
711,711,2,1,2026-05-01 19:56:00,control,old_page
712,712,73,20,2026-05-01 10:54:00,treatment,runtime_context_panel
713,713,40,12,2026-05-01 10:19:00,treatment,runtime_context_panel
714,714,46,13,2026-05-01 16:29:00,control,old_page
715,715,60,16,2026-05-01 19:04:00,control,old_page
716,716,1,1,2026-05-01 14:13:00,treatment,runtime_context_panel
717,717,42,12,2026-05-01 14:01:00,treatment,runtime_context_panel
718,718,33,9,2026-05-02 01:11:00,control,old_page
719,719,31,9,2026-05-01 12:35:00,treatment,runtime_context_panel
720,720,13,5,2026-05-01 22:27:00,treatment,runtime_context_panel
721,721,50,14,2026-05-01 19:46:00,control,old_page
722,722,22,7,2026-05-01 19:54:00,control,old_page
723,723,35,10,2026-05-01 17:20:00,control,old_page
724,724,69,19,2026-05-01 15:25:00,control,old_page
725,725,10,4,2026-05-01 15:25:00,control,old_page
726,726,38,11,2026-05-02 02:24:00,treatment,runtime_context_panel
727,727,31,9,2026-05-01 23:17:00,control,old_page
728,728,72,20,2026-05-01 20:10:00,control,old_page
729,729,57,16,2026-05-01 18:34:00,treatment,runtime_context_panel
730,730,22,7,2026-05-01 10:33:00,treatment,runtime_context_panel
731,731,2,1,2026-05-02 02:13:00,treatment,runtime_context_panel
732,732,73,20,2026-05-01 21:44:00,treatment,runtime_context_panel
733,733,29,8,2026-05-01 16:54:00,control,old_page
734,734,47,13,2026-05-01 16:43:00,control,old_page
735,735,29,8,2026-05-01 22:32:00,control,old_page
736,736,61,17,2026-05-01 13:14:00,treatment,runtime_context_panel
737,737,72,20,2026-05-01 21:46:00,control,old_page
738,738,10,4,2026-05-01 23:17:00,control,old_page
739,739,24,7,2026-05-01 11:32:00,treatment,runtime_context_panel
740,740,10,4,2026-05-01 11:56:00,treatment,runtime_context_panel
741,741,72,20,2026-05-01 16:27:00,treatment,runtime_context_panel
742,742,18,6,2026-05-01 13:03:00,control,old_page
743,743,14,5,2026-05-01 10:03:00,treatment,runtime_context_panel
744,744,57,16,2026-05-01 13:42:00,treatment,runtime_context_panel
745,745,28,8,2026-05-01 20:34:00,control,old_page
746,746,71,19,2026-05-01 15:05:00,treatment,runtime_context_panel
747,747,4,2,2026-05-01 17:06:00,control,old_page
748,748,72,20,2026-05-02 02:29:00,treatment,runtime_context_panel
749,749,43,12,2026-05-01 23:59:00,control,old_page
750,750,65,18,2026-05-01 14:59:00,treatment,runtime_context_panel
751,751,22,7,2026-05-01 20:26:00,control,old_page
752,752,60,16,2026-05-02 01:56:00,treatment,runtime_context_panel
753,753,16,5,2026-05-01 18:52:00,treatment,runtime_context_panel
754,754,1,1,2026-05-01 10:24:00,treatment,runtime_context_panel
755,755,51,14,2026-05-01 10:46:00,treatment,runtime_context_panel
756,756,36,10,2026-05-01 23:29:00,control,old_page
757,757,12,4,2026-05-01 15:41:00,treatment,runtime_context_panel
758,758,23,7,2026-05-02 00:13:00,treatment,runtime_context_panel
759,759,59,16,2026-05-01 23:36:00,control,old_page
760,760,57,16,2026-05-01 20:42:00,treatment,runtime_context_panel
761,761,67,18,2026-05-01 17:53:00,treatment,runtime_context_panel
762,762,6,2,2026-05-01 15:06:00,treatment,runtime_context_panel
763,763,40,12,2026-05-02 02:32:00,control,old_page
764,764,20,6,2026-05-01 13:11:00,control,old_page
765,765,36,10,2026-05-01 22:06:00,control,old_page
766,766,25,7,2026-05-01 15:09:00,control,old_page
767,767,52,15,2026-05-01 23:38:00,treatment,runtime_context_panel
768,768,14,5,2026-05-01 15:48:00,treatment,runtime_context_panel
769,769,62,17,2026-05-01 13:30:00,control,old_page
770,770,72,20,2026-05-01 15:41:00,treatment,runtime_context_panel
771,771,12,4,2026-05-01 23:04:00,treatment,runtime_context_panel
772,772,37,11,2026-05-01 13:17:00,treatment,runtime_context_panel
773,773,31,9,2026-05-01 12:41:00,treatment,runtime_context_panel
774,774,67,18,2026-05-01 14:37:00,control,old_page
775,775,35,10,2026-05-01 12:55:00,control,old_page
776,776,56,16,2026-05-01 11:48:00,treatment,runtime_context_panel
777,777,71,19,2026-05-02 00:16:00,treatment,runtime_context_panel
778,778,65,18,2026-05-02 02:37:00,treatment,runtime_context_panel
779,779,55,15,2026-05-01 13:57:00,control,old_page
780,780,46,13,2026-05-01 21:56:00,treatment,runtime_context_panel
781,781,38,11,2026-05-01 18:19:00,control,old_page
782,782,44,12,2026-05-01 19:48:00,control,old_page
783,783,39,11,2026-05-01 21:05:00,control,old_page
784,784,68,18,2026-05-01 16:50:00,treatment,runtime_context_panel
785,785,45,13,2026-05-01 15:48:00,control,old_page
786,786,70,19,2026-05-01 23:23:00,treatment,runtime_context_panel
787,787,9,3,2026-05-02 01:53:00,treatment,runtime_context_panel
788,788,19,6,2026-05-02 02:18:00,treatment,runtime_context_panel
789,789,47,13,2026-05-01 18:26:00,control,old_page
790,790,1,1,2026-05-01 21:16:00,control,old_page
791,791,38,11,2026-05-01 19:43:00,treatment,runtime_context_panel
792,792,51,14,2026-05-01 11:31:00,control,old_page
793,793,64,17,2026-05-02 00:27:00,control,old_page
794,794,5,2,2026-05-02 01:22:00,control,old_page
795,795,29,8,2026-05-01 21:59:00,treatment,runtime_context_panel
796,796,20,6,2026-05-01 12:22:00,control,old_page
797,797,43,12,2026-05-01 12:37:00,treatment,runtime_context_panel
798,798,14,5,2026-05-01 10:11:00,control,old_page
799,799,16,5,2026-05-01 21:13:00,treatment,runtime_context_panel
800,800,13,5,2026-05-01 12:20:00,treatment,runtime_context_panel
801,801,73,20,2026-05-01 20:38:00,control,old_page
802,802,50,14,2026-05-01 19:51:00,treatment,runtime_context_panel
803,803,28,8,2026-05-01 17:00:00,treatment,runtime_context_panel
804,804,12,4,2026-05-01 18:13:00,control,old_page
805,805,72,20,2026-05-01 14:11:00,treatment,runtime_context_panel
806,806,67,18,2026-05-01 20:27:00,control,old_page
807,807,65,18,2026-05-01 18:00:00,treatment,runtime_context_panel
808,808,35,10,2026-05-01 10:36:00,treatment,runtime_context_panel
809,809,69,19,2026-05-01 19:46:00,control,old_page
810,810,35,10,2026-05-01 14:53:00,treatment,runtime_context_panel
811,811,32,9,2026-05-01 10:14:00,control,old_page
812,812,71,19,2026-05-01 12:34:00,treatment,runtime_context_panel
813,813,5,2,2026-05-01 11:26:00,control,old_page
814,814,16,5,2026-05-01 22:50:00,treatment,runtime_context_panel
815,815,29,8,2026-05-01 22:23:00,control,old_page
816,816,4,2,2026-05-01 17:55:00,treatment,runtime_context_panel
817,817,48,13,2026-05-01 14:28:00,control,old_page
818,818,55,15,2026-05-01 21:34:00,treatment,runtime_context_panel
819,819,4,2,2026-05-02 01:39:00,treatment,runtime_context_panel
820,820,51,14,2026-05-01 15:43:00,treatment,runtime_context_panel
821,821,27,8,2026-05-01 18:52:00,treatment,runtime_context_panel
822,822,2,1,2026-05-01 11:40:00,control,old_page
823,823,41,12,2026-05-01 22:22:00,treatment,runtime_context_panel
824,824,25,7,2026-05-01 20:53:00,control,old_page
825,825,10,4,2026-05-02 00:36:00,control,old_page
826,826,19,6,2026-05-01 15:01:00,treatment,runtime_context_panel
827,827,33,9,2026-05-01 21:48:00,treatment,runtime_context_panel
828,828,48,13,2026-05-01 15:40:00,control,old_page
829,829,73,20,2026-05-01 13:02:00,treatment,runtime_context_panel
830,830,54,15,2026-05-01 11:45:00,control,old_page
831,831,2,1,2026-05-01 12:32:00,control,old_page
832,832,47,13,2026-05-01 12:35:00,treatment,runtime_context_panel
833,833,69,19,2026-05-01 18:47:00,treatment,runtime_context_panel
834,834,9,3,2026-05-01 13:51:00,control,old_page
835,835,39,11,2026-05-01 15:10:00,treatment,runtime_context_panel
836,836,54,15,2026-05-01 21:03:00,control,old_page
837,837,12,4,2026-05-01 21:45:00,treatment,runtime_context_panel
838,838,13,5,2026-05-01 13:17:00,control,old_page
839,839,69,19,2026-05-01 18:20:00,treatment,runtime_context_panel
840,840,1,1,2026-05-01 15:47:00,control,old_page
841,841,64,17,2026-05-02 02:02:00,control,old_page
842,842,26,8,2026-05-01 10:37:00,control,old_page
843,843,13,5,2026-05-01 12:56:00,control,old_page
844,844,11,4,2026-05-01 20:25:00,control,old_page
845,845,7,3,2026-05-01 11:56:00,treatment,runtime_context_panel
846,846,51,14,2026-05-01 23:50:00,treatment,runtime_context_panel
847,847,6,2,2026-05-01 12:57:00,treatment,runtime_context_panel
848,848,20,6,2026-05-01 14:09:00,control,old_page
849,849,17,6,2026-05-02 01:00:00,treatment,runtime_context_panel
850,850,70,19,2026-05-01 17:06:00,treatment,runtime_context_panel
851,851,27,8,2026-05-01 20:25:00,control,old_page
852,852,60,16,2026-05-02 02:13:00,control,old_page
853,853,36,10,2026-05-01 17:08:00,control,old_page
854,854,21,7,2026-05-01 19:02:00,control,old_page
855,855,66,18,2026-05-01 17:55:00,control,old_page
856,856,59,16,2026-05-01 13:00:00,control,old_page
857,857,4,2,2026-05-01 21:00:00,treatment,runtime_context_panel
858,858,52,15,2026-05-01 11:46:00,control,old_page
859,859,18,6,2026-05-01 23:24:00,control,old_page
860,860,71,19,2026-05-01 15:33:00,treatment,runtime_context_panel
861,861,26,8,2026-05-01 14:02:00,treatment,runtime_context_panel
862,862,46,13,2026-05-01 11:15:00,treatment,runtime_context_panel
863,863,53,15,2026-05-01 16:36:00,treatment,runtime_context_panel
864,864,37,11,2026-05-01 10:32:00,control,old_page
865,865,28,8,2026-05-01 20:18:00,control,old_page
866,866,72,20,2026-05-01 19:51:00,control,old_page
867,867,25,7,2026-05-01 18:04:00,treatment,runtime_context_panel
868,868,28,8,2026-05-01 17:24:00,control,old_page
869,869,69,19,2026-05-02 01:35:00,control,old_page
870,870,61,17,2026-05-01 17:15:00,treatment,runtime_context_panel
871,871,65,18,2026-05-01 21:49:00,treatment,runtime_context_panel
872,872,15,5,2026-05-01 15:02:00,control,old_page
873,873,7,3,2026-05-01 18:11:00,treatment,runtime_context_panel
874,874,2,1,2026-05-01 17:54:00,control,old_page
875,875,46,13,2026-05-01 23:28:00,treatment,runtime_context_panel
876,876,8,3,2026-05-02 01:14:00,treatment,runtime_context_panel
877,877,72,20,2026-05-01 23:26:00,control,old_page
878,878,39,11,2026-05-02 01:54:00,control,old_page
879,879,11,4,2026-05-01 16:14:00,treatment,runtime_context_panel
880,880,9,3,2026-05-01 22:06:00,control,old_page
881,881,71,19,2026-05-01 13:34:00,control,old_page
882,882,30,9,2026-05-01 11:04:00,treatment,runtime_context_panel
883,883,60,16,2026-05-01 21:34:00,treatment,runtime_context_panel
884,884,7,3,2026-05-02 01:13:00,treatment,runtime_context_panel
885,885,19,6,2026-05-01 11:54:00,control,old_page
886,886,2,1,2026-05-01 17:06:00,control,old_page
887,887,35,10,2026-05-01 11:04:00,control,old_page
888,888,28,8,2026-05-01 17:01:00,treatment,runtime_context_panel
889,889,68,18,2026-05-01 17:48:00,treatment,runtime_context_panel
890,890,58,16,2026-05-02 02:34:00,treatment,runtime_context_panel
891,891,4,2,2026-05-01 16:01:00,treatment,runtime_context_panel
892,892,35,10,2026-05-02 02:36:00,control,old_page
893,893,14,5,2026-05-01 14:03:00,control,old_page
894,894,25,7,2026-05-01 22:04:00,control,old_page
895,895,41,12,2026-05-01 16:21:00,treatment,runtime_context_panel
896,896,57,16,2026-05-02 02:10:00,treatment,runtime_context_panel
897,897,13,5,2026-05-02 02:33:00,treatment,runtime_context_panel
898,898,71,19,2026-05-01 12:30:00,treatment,runtime_context_panel
899,899,13,5,2026-05-01 15:15:00,control,old_page
900,900,72,20,2026-05-01 19:57:00,control,old_page
901,901,31,9,2026-05-01 10:23:00,control,old_page
902,902,64,17,2026-05-01 13:19:00,treatment,runtime_context_panel
903,903,43,12,2026-05-01 12:31:00,treatment,runtime_context_panel
904,904,65,18,2026-05-01 13:40:00,treatment,runtime_context_panel
905,905,51,14,2026-05-01 12:22:00,control,old_page
906,906,9,3,2026-05-01 22:54:00,treatment,runtime_context_panel
907,907,69,19,2026-05-01 13:24:00,control,old_page
908,908,36,10,2026-05-01 10:43:00,treatment,runtime_context_panel
909,909,36,10,2026-05-01 19:32:00,treatment,runtime_context_panel
910,910,56,16,2026-05-01 21:09:00,treatment,runtime_context_panel
911,911,1,1,2026-05-01 23:03:00,treatment,runtime_context_panel
912,912,51,14,2026-05-01 20:43:00,treatment,runtime_context_panel
913,913,11,4,2026-05-01 18:44:00,control,old_page
914,914,17,6,2026-05-01 12:29:00,treatment,runtime_context_panel
915,915,51,14,2026-05-01 10:49:00,treatment,runtime_context_panel
916,916,17,6,2026-05-01 20:13:00,control,old_page
917,917,32,9,2026-05-01 11:38:00,treatment,runtime_context_panel
918,918,1,1,2026-05-01 18:50:00,treatment,runtime_context_panel
919,919,17,6,2026-05-01 13:43:00,control,old_page
920,920,61,17,2026-05-01 17:07:00,treatment,runtime_context_panel
921,921,10,4,2026-05-02 01:45:00,control,old_page
922,922,63,17,2026-05-01 12:56:00,treatment,runtime_context_panel
923,923,28,8,2026-05-01 12:08:00,control,old_page
924,924,10,4,2026-05-01 10:19:00,treatment,runtime_context_panel
925,925,4,2,2026-05-01 11:50:00,control,old_page
926,926,61,17,2026-05-01 18:00:00,control,old_page
927,927,4,2,2026-05-01 15:08:00,control,old_page
928,928,12,4,2026-05-01 13:30:00,control,old_page
929,929,70,19,2026-05-01 16:00:00,control,old_page
930,930,72,20,2026-05-01 18:37:00,control,old_page
931,931,35,10,2026-05-02 01:23:00,control,old_page
932,932,10,4,2026-05-02 01:42:00,treatment,runtime_context_panel
933,933,10,4,2026-05-02 00:14:00,treatment,runtime_context_panel
934,934,50,14,2026-05-01 18:46:00,control,old_page
935,935,58,16,2026-05-01 22:01:00,treatment,runtime_context_panel
936,936,54,15,2026-05-01 21:43:00,treatment,runtime_context_panel
937,937,41,12,2026-05-01 10:13:00,treatment,runtime_context_panel
938,938,7,3,2026-05-01 12:26:00,treatment,runtime_context_panel
939,939,17,6,2026-05-01 16:12:00,control,old_page
940,940,58,16,2026-05-01 23:03:00,treatment,runtime_context_panel
941,941,47,13,2026-05-01 18:07:00,treatment,runtime_context_panel
942,942,63,17,2026-05-01 12:30:00,treatment,runtime_context_panel
943,943,12,4,2026-05-01 10:54:00,control,old_page
944,944,37,11,2026-05-01 15:10:00,control,old_page
945,945,64,17,2026-05-01 23:31:00,treatment,runtime_context_panel
946,946,65,18,2026-05-02 02:15:00,control,old_page
947,947,11,4,2026-05-01 17:40:00,treatment,runtime_context_panel
948,948,55,15,2026-05-01 10:36:00,control,old_page
949,949,20,6,2026-05-01 17:21:00,control,old_page
950,950,68,18,2026-05-01 18:07:00,control,old_page
951,951,42,12,2026-05-01 15:28:00,control,old_page
952,952,3,1,2026-05-01 15:49:00,treatment,runtime_context_panel
953,953,27,8,2026-05-01 21:03:00,treatment,runtime_context_panel
954,954,11,4,2026-05-01 12:53:00,control,old_page
955,955,71,19,2026-05-02 01:23:00,treatment,runtime_context_panel
956,956,70,19,2026-05-01 15:30:00,control,old_page
957,957,12,4,2026-05-01 21:31:00,control,old_page
958,958,43,12,2026-05-01 13:26:00,treatment,runtime_context_panel
959,959,36,10,2026-05-01 23:43:00,control,old_page
960,960,9,3,2026-05-02 00:24:00,control,old_page
961,961,30,9,2026-05-01 19:40:00,treatment,runtime_context_panel
962,962,36,10,2026-05-01 17:23:00,treatment,runtime_context_panel
963,963,17,6,2026-05-01 20:42:00,control,old_page
964,964,24,7,2026-05-01 14:34:00,treatment,runtime_context_panel
965,965,6,2,2026-05-01 13:25:00,treatment,runtime_context_panel
966,966,36,10,2026-05-01 17:00:00,treatment,runtime_context_panel
967,967,9,3,2026-05-01 13:28:00,treatment,runtime_context_panel
968,968,46,13,2026-05-01 11:56:00,control,old_page
969,969,50,14,2026-05-01 13:26:00,control,old_page
970,970,17,6,2026-05-02 02:26:00,treatment,runtime_context_panel
971,971,4,2,2026-05-01 15:21:00,treatment,runtime_context_panel
972,972,51,14,2026-05-01 21:27:00,control,old_page
973,973,61,17,2026-05-01 18:54:00,treatment,runtime_context_panel
974,974,39,11,2026-05-01 22:34:00,treatment,runtime_context_panel
975,975,29,8,2026-05-01 13:43:00,control,old_page
976,976,5,2,2026-05-01 19:06:00,treatment,runtime_context_panel
977,977,31,9,2026-05-01 16:11:00,treatment,runtime_context_panel
978,978,72,20,2026-05-02 00:21:00,control,old_page
979,979,28,8,2026-05-01 19:25:00,treatment,runtime_context_panel
980,980,55,15,2026-05-01 10:08:00,treatment,runtime_context_panel
981,981,32,9,2026-05-01 11:32:00,control,old_page
982,982,39,11,2026-05-01 16:56:00,control,old_page
983,983,50,14,2026-05-02 00:04:00,control,old_page
984,984,61,17,2026-05-01 16:00:00,treatment,runtime_context_panel
985,985,6,2,2026-05-01 20:56:00,control,old_page
986,986,13,5,2026-05-01 16:50:00,control,old_page
987,987,39,11,2026-05-01 11:24:00,control,old_page
988,988,73,20,2026-05-01 23:31:00,treatment,runtime_context_panel
989,989,38,11,2026-05-01 13:23:00,control,old_page
990,990,69,19,2026-05-01 10:21:00,control,old_page
991,991,72,20,2026-05-02 01:28:00,control,old_page
992,992,23,7,2026-05-01 21:58:00,control,old_page
993,993,17,6,2026-05-01 10:14:00,treatment,runtime_context_panel
994,994,55,15,2026-05-01 12:01:00,control,old_page
995,995,23,7,2026-05-01 14:54:00,treatment,runtime_context_panel
996,996,35,10,2026-05-01 17:08:00,control,old_page
997,997,29,8,2026-05-02 01:29:00,control,old_page
998,998,39,11,2026-05-01 16:47:00,control,old_page
999,999,51,14,2026-05-01 11:14:00,control,old_page
1000,1000,5,2,2026-05-02 01:53:00,control,old_page
1001,1001,72,20,2026-05-01 10:05:00,treatment,runtime_context_panel
1002,1002,13,5,2026-05-01 19:54:00,control,old_page
1003,1003,13,5,2026-05-01 15:24:00,treatment,runtime_context_panel
1004,1004,58,16,2026-05-01 22:45:00,treatment,runtime_context_panel
1005,1005,36,10,2026-05-01 20:27:00,treatment,runtime_context_panel
1006,1006,68,18,2026-05-01 10:54:00,control,old_page
1007,1007,55,15,2026-05-01 11:58:00,treatment,runtime_context_panel
1008,1008,13,5,2026-05-01 15:57:00,control,old_page
1009,1009,34,9,2026-05-02 01:12:00,control,old_page
1010,1010,3,1,2026-05-01 23:05:00,control,old_page
1011,1011,37,11,2026-05-01 14:51:00,control,old_page
1012,1012,13,5,2026-05-01 11:23:00,treatment,runtime_context_panel
1013,1013,59,16,2026-05-01 20:43:00,treatment,runtime_context_panel
1014,1014,54,15,2026-05-02 02:10:00,control,old_page
1015,1015,9,3,2026-05-02 02:14:00,treatment,runtime_context_panel
1016,1016,45,13,2026-05-01 10:21:00,control,old_page
1017,1017,13,5,2026-05-01 15:05:00,treatment,runtime_context_panel
1018,1018,35,10,2026-05-01 16:07:00,control,old_page
1019,1019,62,17,2026-05-01 18:21:00,treatment,runtime_context_panel
1020,1020,58,16,2026-05-01 19:36:00,treatment,runtime_context_panel
1021,1021,51,14,2026-05-01 11:35:00,control,old_page
1022,1022,16,5,2026-05-01 18:59:00,control,old_page
1023,1023,35,10,2026-05-01 18:55:00,treatment,runtime_context_panel
1024,1024,61,17,2026-05-01 18:42:00,treatment,runtime_context_panel
1025,1025,34,9,2026-05-01 11:23:00,control,old_page
1026,1026,45,13,2026-05-01 11:25:00,treatment,runtime_context_panel
1027,1027,36,10,2026-05-01 20:01:00,treatment,runtime_context_panel
1028,1028,54,15,2026-05-01 15:49:00,control,old_page
1029,1029,50,14,2026-05-01 10:05:00,treatment,runtime_context_panel
1030,1030,73,20,2026-05-01 15:10:00,treatment,runtime_context_panel
1031,1031,7,3,2026-05-01 12:18:00,control,old_page
1032,1032,1,1,2026-05-01 18:12:00,control,old_page
1033,1033,50,14,2026-05-01 11:28:00,treatment,runtime_context_panel
1034,1034,16,5,2026-05-01 17:12:00,control,old_page
1035,1035,59,16,2026-05-01 10:20:00,treatment,runtime_context_panel
1036,1036,45,13,2026-05-01 15:41:00,control,old_page
1037,1037,60,16,2026-05-01 20:10:00,treatment,runtime_context_panel
1038,1038,57,16,2026-05-01 22:11:00,control,old_page
1039,1039,51,14,2026-05-01 11:59:00,treatment,runtime_context_panel
1040,1040,1,1,2026-05-01 14:54:00,control,old_page
1041,1041,39,11,2026-05-02 00:33:00,treatment,runtime_context_panel
1042,1042,43,12,2026-05-01 23:38:00,control,old_page
1043,1043,35,10,2026-05-01 21:23:00,treatment,runtime_context_panel
1044,1044,58,16,2026-05-01 14:00:00,control,old_page
1045,1045,2,1,2026-05-02 01:02:00,treatment,runtime_context_panel
1046,1046,50,14,2026-05-01 20:32:00,control,old_page
1047,1047,40,12,2026-05-01 23:08:00,treatment,runtime_context_panel
1048,1048,61,17,2026-05-01 22:03:00,control,old_page
1049,1049,55,15,2026-05-02 02:25:00,control,old_page
1050,1050,72,20,2026-05-02 00:03:00,control,old_page
1051,1051,41,12,2026-05-01 22:25:00,treatment,runtime_context_panel
1052,1052,10,4,2026-05-01 21:02:00,treatment,runtime_context_panel
1053,1053,29,8,2026-05-01 15:49:00,treatment,runtime_context_panel
1054,1054,51,14,2026-05-01 20:44:00,control,old_page
1055,1055,16,5,2026-05-01 17:03:00,treatment,runtime_context_panel
1056,1056,63,17,2026-05-02 02:06:00,control,old_page
1057,1057,7,3,2026-05-01 15:46:00,treatment,runtime_context_panel
1058,1058,13,5,2026-05-01 20:46:00,treatment,runtime_context_panel
1059,1059,38,11,2026-05-01 10:08:00,treatment,runtime_context_panel
1060,1060,72,20,2026-05-01 21:57:00,treatment,runtime_context_panel
1061,1061,73,20,2026-05-01 21:54:00,treatment,runtime_context_panel
1062,1062,46,13,2026-05-02 01:02:00,treatment,runtime_context_panel
1063,1063,15,5,2026-05-01 13:38:00,control,old_page
1064,1064,17,6,2026-05-01 10:28:00,treatment,runtime_context_panel
1065,1065,5,2,2026-05-01 14:25:00,treatment,runtime_context_panel
1066,1066,2,1,2026-05-01 15:47:00,control,old_page
1067,1067,71,19,2026-05-01 22:11:00,control,old_page
1068,1068,49,13,2026-05-01 22:35:00,control,old_page
1069,1069,43,12,2026-05-01 11:40:00,control,old_page
1070,1070,50,14,2026-05-01 11:34:00,control,old_page
1071,1071,64,17,2026-05-01 20:02:00,treatment,runtime_context_panel
1072,1072,70,19,2026-05-01 20:51:00,treatment,runtime_context_panel
1073,1073,59,16,2026-05-02 00:03:00,control,old_page
1074,1074,61,17,2026-05-01 21:51:00,control,old_page
1075,1075,40,12,2026-05-01 20:16:00,treatment,runtime_context_panel
1076,1076,42,12,2026-05-01 16:23:00,treatment,runtime_context_panel
1077,1077,5,2,2026-05-02 01:10:00,treatment,runtime_context_panel
1078,1078,7,3,2026-05-01 17:07:00,treatment,runtime_context_panel
1079,1079,60,16,2026-05-01 12:15:00,control,old_page
1080,1080,15,5,2026-05-01 11:31:00,treatment,runtime_context_panel
1081,1081,30,9,2026-05-02 00:46:00,control,old_page
1082,1082,71,19,2026-05-01 23:35:00,treatment,runtime_context_panel
1083,1083,69,19,2026-05-02 02:20:00,control,old_page
1084,1084,61,17,2026-05-01 12:03:00,control,old_page
1085,1085,31,9,2026-05-01 14:11:00,treatment,runtime_context_panel
1086,1086,2,1,2026-05-01 17:27:00,control,old_page
1087,1087,12,4,2026-05-01 12:52:00,treatment,runtime_context_panel
1088,1088,17,6,2026-05-01 20:29:00,treatment,runtime_context_panel
1089,1089,51,14,2026-05-01 14:24:00,treatment,runtime_context_panel
1090,1090,10,4,2026-05-01 13:27:00,control,old_page
1091,1091,69,19,2026-05-01 18:24:00,treatment,runtime_context_panel
1092,1092,30,9,2026-05-01 15:25:00,treatment,runtime_context_panel
1093,1093,34,9,2026-05-02 02:26:00,control,old_page
1094,1094,9,3,2026-05-01 18:32:00,control,old_page
1095,1095,15,5,2026-05-01 19:13:00,control,old_page
1096,1096,68,18,2026-05-02 02:24:00,treatment,runtime_context_panel
1097,1097,5,2,2026-05-01 14:39:00,treatment,runtime_context_panel
1098,1098,47,13,2026-05-02 00:22:00,control,old_page
1099,1099,63,17,2026-05-01 10:46:00,control,old_page
1100,1100,69,19,2026-05-01 15:07:00,control,old_page
1101,1101,33,9,2026-05-01 13:35:00,treatment,runtime_context_panel
1102,1102,39,11,2026-05-01 14:27:00,treatment,runtime_context_panel
1103,1103,3,1,2026-05-01 12:16:00,control,old_page
1104,1104,1,1,2026-05-01 21:28:00,control,old_page
1105,1105,9,3,2026-05-01 21:06:00,control,old_page
1106,1106,49,13,2026-05-01 16:06:00,treatment,runtime_context_panel
1107,1107,11,4,2026-05-01 16:19:00,control,old_page
1108,1108,41,12,2026-05-01 11:32:00,treatment,runtime_context_panel
1109,1109,27,8,2026-05-01 18:25:00,treatment,runtime_context_panel
1110,1110,21,7,2026-05-01 13:20:00,treatment,runtime_context_panel
1111,1111,71,19,2026-05-01 21:38:00,control,old_page
1112,1112,28,8,2026-05-01 13:16:00,control,old_page
1113,1113,67,18,2026-05-01 21:37:00,treatment,runtime_context_panel
1114,1114,5,2,2026-05-01 17:22:00,treatment,runtime_context_panel
1115,1115,26,8,2026-05-01 14:44:00,treatment,runtime_context_panel
1116,1116,3,1,2026-05-01 13:51:00,treatment,runtime_context_panel
1117,1117,27,8,2026-05-01 12:48:00,treatment,runtime_context_panel
1118,1118,71,19,2026-05-02 01:57:00,treatment,runtime_context_panel
1119,1119,26,8,2026-05-01 18:04:00,control,old_page
1120,1120,5,2,2026-05-01 18:52:00,control,old_page
1121,1121,73,20,2026-05-01 23:02:00,control,old_page
1122,1122,69,19,2026-05-01 11:27:00,control,old_page
1123,1123,47,13,2026-05-02 01:11:00,control,old_page
1124,1124,5,2,2026-05-01 10:56:00,treatment,runtime_context_panel
1125,1125,65,18,2026-05-01 15:01:00,treatment,runtime_context_panel
1126,1126,72,20,2026-05-01 17:44:00,treatment,runtime_context_panel
1127,1127,39,11,2026-05-02 02:00:00,control,old_page
1128,1128,9,3,2026-05-01 23:28:00,control,old_page
1129,1129,15,5,2026-05-01 16:03:00,treatment,runtime_context_panel
1130,1130,4,2,2026-05-01 15:19:00,treatment,runtime_context_panel
1131,1131,14,5,2026-05-01 18:00:00,treatment,runtime_context_panel
1132,1132,13,5,2026-05-01 14:03:00,control,old_page
1133,1133,8,3,2026-05-01 13:13:00,treatment,runtime_context_panel
1134,1134,39,11,2026-05-01 15:06:00,treatment,runtime_context_panel
1135,1135,27,8,2026-05-01 17:57:00,control,old_page
1136,1136,46,13,2026-05-01 16:49:00,control,old_page
1137,1137,2,1,2026-05-01 10:10:00,control,old_page
1138,1138,70,19,2026-05-01 10:44:00,control,old_page
1139,1139,19,6,2026-05-02 00:27:00,control,old_page
1140,1140,3,1,2026-05-01 12:20:00,treatment,runtime_context_panel
1141,1141,36,10,2026-05-01 14:05:00,treatment,runtime_context_panel
1142,1142,20,6,2026-05-02 00:59:00,control,old_page
1143,1143,25,7,2026-05-01 16:27:00,treatment,runtime_context_panel
1144,1144,72,20,2026-05-02 00:34:00,treatment,runtime_context_panel
1145,1145,37,11,2026-05-01 10:54:00,treatment,runtime_context_panel
1146,1146,64,17,2026-05-01 13:34:00,control,old_page
1147,1147,72,20,2026-05-01 12:51:00,treatment,runtime_context_panel
1148,1148,63,17,2026-05-01 18:30:00,treatment,runtime_context_panel
1149,1149,59,16,2026-05-01 14:34:00,treatment,runtime_context_panel
1150,1150,53,15,2026-05-01 16:45:00,control,old_page
1151,1151,34,9,2026-05-01 11:26:00,control,old_page
1152,1152,36,10,2026-05-01 18:51:00,treatment,runtime_context_panel
1153,1153,51,14,2026-05-01 17:58:00,treatment,runtime_context_panel
1154,1154,53,15,2026-05-01 14:31:00,control,old_page
1155,1155,31,9,2026-05-01 11:40:00,control,old_page
1156,1156,32,9,2026-05-01 22:43:00,treatment,runtime_context_panel
1157,1157,30,9,2026-05-01 23:08:00,treatment,runtime_context_panel
1158,1158,71,19,2026-05-01 10:12:00,treatment,runtime_context_panel
1159,1159,24,7,2026-05-01 13:59:00,treatment,runtime_context_panel
1160,1160,50,14,2026-05-01 17:29:00,treatment,runtime_context_panel
1161,1161,2,1,2026-05-01 12:22:00,control,old_page
1162,1162,42,12,2026-05-01 13:50:00,treatment,runtime_context_panel
1163,1163,3,1,2026-05-01 23:24:00,control,old_page
1164,1164,15,5,2026-05-01 19:41:00,treatment,runtime_context_panel
1165,1165,24,7,2026-05-01 11:05:00,treatment,runtime_context_panel
1166,1166,35,10,2026-05-01 12:55:00,control,old_page
1167,1167,17,6,2026-05-02 00:06:00,treatment,runtime_context_panel
1168,1168,61,17,2026-05-01 17:45:00,control,old_page
1169,1169,51,14,2026-05-01 12:40:00,control,old_page
1170,1170,14,5,2026-05-01 15:17:00,treatment,runtime_context_panel
1171,1171,57,16,2026-05-01 20:18:00,treatment,runtime_context_panel
1172,1172,16,5,2026-05-01 11:05:00,treatment,runtime_context_panel
1173,1173,59,16,2026-05-01 17:53:00,control,old_page
1174,1174,36,10,2026-05-01 15:55:00,treatment,runtime_context_panel
1175,1175,51,14,2026-05-01 16:33:00,control,old_page
1176,1176,11,4,2026-05-01 21:55:00,control,old_page
1177,1177,67,18,2026-05-01 21:22:00,control,old_page
1178,1178,24,7,2026-05-01 17:01:00,control,old_page
1179,1179,7,3,2026-05-01 18:36:00,treatment,runtime_context_panel
1180,1180,9,3,2026-05-01 21:51:00,treatment,runtime_context_panel
1181,1181,12,4,2026-05-02 01:39:00,control,old_page
1182,1182,29,8,2026-05-01 12:23:00,treatment,runtime_context_panel
1183,1183,18,6,2026-05-02 00:18:00,control,old_page
1184,1184,19,6,2026-05-01 12:07:00,treatment,runtime_context_panel
1185,1185,16,5,2026-05-01 16:06:00,control,old_page
1186,1186,6,2,2026-05-01 23:50:00,control,old_page
1187,1187,22,7,2026-05-01 16:23:00,control,old_page
1188,1188,37,11,2026-05-01 21:36:00,control,old_page
1189,1189,50,14,2026-05-01 23:55:00,treatment,runtime_context_panel
1190,1190,50,14,2026-05-01 13:57:00,control,old_page
1191,1191,46,13,2026-05-01 17:49:00,control,old_page
1192,1192,4,2,2026-05-02 01:06:00,control,old_page
1193,1193,12,4,2026-05-01 19:09:00,control,old_page
1194,1194,46,13,2026-05-01 15:40:00,control,old_page
1195,1195,39,11,2026-05-01 18:13:00,control,old_page
1196,1196,26,8,2026-05-01 13:58:00,control,old_page
1197,1197,11,4,2026-05-01 14:02:00,treatment,runtime_context_panel
1198,1198,72,20,2026-05-01 11:01:00,control,old_page
1199,1199,29,8,2026-05-01 22:36:00,treatment,runtime_context_panel
1200,1200,35,10,2026-05-01 13:54:00,treatment,runtime_context_panel
1201,1201,27,8,2026-05-01 20:22:00,treatment,runtime_context_panel
1202,1202,7,3,2026-05-01 10:53:00,control,old_page
1203,1203,13,5,2026-05-01 12:57:00,control,old_page
1204,1204,22,7,2026-05-01 17:14:00,control,old_page
1205,1205,36,10,2026-05-01 19:50:00,treatment,runtime_context_panel
1206,1206,23,7,2026-05-02 00:43:00,treatment,runtime_context_panel
1207,1207,64,17,2026-05-01 22:58:00,control,old_page
1208,1208,56,16,2026-05-01 23:00:00,treatment,runtime_context_panel
1209,1209,19,6,2026-05-01 16:29:00,treatment,runtime_context_panel
1210,1210,8,3,2026-05-01 12:19:00,treatment,runtime_context_panel
1211,1211,43,12,2026-05-01 16:54:00,treatment,runtime_context_panel
1212,1212,43,12,2026-05-01 18:21:00,treatment,runtime_context_panel
1213,1213,11,4,2026-05-02 01:54:00,control,old_page
1214,1214,40,12,2026-05-01 21:06:00,treatment,runtime_context_panel
1215,1215,27,8,2026-05-01 18:09:00,control,old_page
1216,1216,40,12,2026-05-01 21:54:00,control,old_page
1217,1217,17,6,2026-05-01 11:59:00,control,old_page
1218,1218,48,13,2026-05-01 22:03:00,control,old_page
1219,1219,36,10,2026-05-01 20:00:00,treatment,runtime_context_panel
1220,1220,12,4,2026-05-01 19:46:00,treatment,runtime_context_panel
1221,1221,31,9,2026-05-02 01:52:00,treatment,runtime_context_panel
1222,1222,51,14,2026-05-01 21:10:00,treatment,runtime_context_panel
1223,1223,57,16,2026-05-01 18:34:00,control,old_page
1224,1224,23,7,2026-05-02 01:23:00,treatment,runtime_context_panel
1225,1225,17,6,2026-05-01 15:00:00,control,old_page
1226,1226,56,16,2026-05-01 10:09:00,control,old_page
1227,1227,4,2,2026-05-01 13:36:00,control,old_page
1228,1228,58,16,2026-05-01 20:18:00,treatment,runtime_context_panel
1229,1229,28,8,2026-05-01 21:21:00,treatment,runtime_context_panel
1230,1230,2,1,2026-05-02 00:51:00,treatment,runtime_context_panel
1231,1231,31,9,2026-05-01 16:17:00,treatment,runtime_context_panel
1232,1232,3,1,2026-05-02 02:20:00,treatment,runtime_context_panel
1233,1233,39,11,2026-05-01 17:34:00,control,old_page
1234,1234,49,13,2026-05-01 23:33:00,control,old_page
1235,1235,12,4,2026-05-01 16:34:00,treatment,runtime_context_panel
1236,1236,61,17,2026-05-01 12:10:00,treatment,runtime_context_panel
1237,1237,36,10,2026-05-01 12:52:00,treatment,runtime_context_panel
1238,1238,60,16,2026-05-01 14:06:00,control,old_page
1239,1239,1,1,2026-05-02 01:51:00,treatment,runtime_context_panel
1240,1240,31,9,2026-05-01 22:16:00,treatment,runtime_context_panel
1241,1241,68,18,2026-05-01 11:32:00,treatment,runtime_context_panel
1242,1242,71,19,2026-05-01 11:06:00,treatment,runtime_context_panel
1243,1243,68,18,2026-05-01 23:47:00,control,old_page
1244,1244,69,19,2026-05-01 22:42:00,control,old_page
1245,1245,15,5,2026-05-02 02:16:00,treatment,runtime_context_panel
1246,1246,51,14,2026-05-01 23:09:00,treatment,runtime_context_panel
1247,1247,14,5,2026-05-01 11:49:00,treatment,runtime_context_panel
1248,1248,59,16,2026-05-01 12:30:00,treatment,runtime_context_panel
1249,1249,61,17,2026-05-01 14:40:00,treatment,runtime_context_panel
1250,1250,45,13,2026-05-01 23:49:00,treatment,runtime_context_panel
1251,1251,26,8,2026-05-02 01:45:00,control,old_page
1252,1252,47,13,2026-05-01 23:54:00,control,old_page
1253,1253,68,18,2026-05-01 15:45:00,treatment,runtime_context_panel
1254,1254,36,10,2026-05-01 21:53:00,control,old_page
1255,1255,68,18,2026-05-01 11:39:00,control,old_page
1256,1256,36,10,2026-05-01 21:10:00,control,old_page
1257,1257,55,15,2026-05-01 14:58:00,control,old_page
1258,1258,2,1,2026-05-01 22:23:00,control,old_page
1259,1259,16,5,2026-05-02 02:13:00,treatment,runtime_context_panel
1260,1260,4,2,2026-05-01 18:47:00,treatment,runtime_context_panel
1261,1261,29,8,2026-05-01 18:20:00,treatment,runtime_context_panel
1262,1262,8,3,2026-05-02 00:45:00,treatment,runtime_context_panel
1263,1263,11,4,2026-05-01 20:56:00,control,old_page
1264,1264,69,19,2026-05-01 16:33:00,treatment,runtime_context_panel
1265,1265,51,14,2026-05-01 19:45:00,control,old_page
1266,1266,2,1,2026-05-01 19:29:00,treatment,runtime_context_panel
1267,1267,10,4,2026-05-02 02:28:00,control,old_page
1268,1268,10,4,2026-05-01 12:11:00,control,old_page
1269,1269,9,3,2026-05-01 14:22:00,control,old_page
1270,1270,50,14,2026-05-01 14:14:00,treatment,runtime_context_panel
1271,1271,53,15,2026-05-01 19:50:00,treatment,runtime_context_panel
1272,1272,62,17,2026-05-01 21:44:00,control,old_page
1273,1273,4,2,2026-05-01 10:37:00,control,old_page
1274,1274,72,20,2026-05-01 20:05:00,treatment,runtime_context_panel
1275,1275,46,13,2026-05-01 16:49:00,treatment,runtime_context_panel
1276,1276,14,5,2026-05-01 11:12:00,treatment,runtime_context_panel
1277,1277,23,7,2026-05-01 19:37:00,control,old_page
1278,1278,8,3,2026-05-01 12:07:00,control,old_page
1279,1279,50,14,2026-05-01 15:37:00,control,old_page
1280,1280,30,9,2026-05-01 11:40:00,treatment,runtime_context_panel
1281,1281,29,8,2026-05-02 02:14:00,control,old_page
1282,1282,10,4,2026-05-01 18:59:00,treatment,runtime_context_panel
1283,1283,36,10,2026-05-01 20:22:00,control,old_page
1284,1284,19,6,2026-05-02 02:09:00,treatment,runtime_context_panel
1285,1285,68,18,2026-05-01 18:08:00,control,old_page
1286,1286,49,13,2026-05-01 22:33:00,treatment,runtime_context_panel
1287,1287,29,8,2026-05-01 22:03:00,treatment,runtime_context_panel
1288,1288,62,17,2026-05-01 15:12:00,control,old_page
1289,1289,51,14,2026-05-02 00:25:00,control,old_page
1290,1290,9,3,2026-05-01 14:05:00,control,old_page
1291,1291,2,1,2026-05-01 21:33:00,control,old_page
1292,1292,11,4,2026-05-01 10:14:00,control,old_page
1293,1293,3,1,2026-05-01 17:15:00,treatment,runtime_context_panel
1294,1294,6,2,2026-05-01 17:39:00,control,old_page
1295,1295,62,17,2026-05-01 12:59:00,control,old_page
1296,1296,51,14,2026-05-01 16:28:00,control,old_page
1297,1297,36,10,2026-05-01 18:14:00,treatment,runtime_context_panel
1298,1298,61,17,2026-05-02 01:57:00,treatment,runtime_context_panel
1299,1299,56,16,2026-05-01 16:04:00,control,old_page
1300,1300,38,11,2026-05-01 16:02:00,control,old_page
1301,1301,51,14,2026-05-01 13:22:00,control,old_page
1302,1302,15,5,2026-05-01 13:51:00,treatment,runtime_context_panel
1303,1303,67,18,2026-05-01 11:51:00,treatment,runtime_context_panel
1304,1304,41,12,2026-05-01 11:53:00,control,old_page
1305,1305,4,2,2026-05-01 21:22:00,control,old_page
1306,1306,30,9,2026-05-01 17:11:00,treatment,runtime_context_panel
1307,1307,64,17,2026-05-01 12:14:00,control,old_page
1308,1308,1,1,2026-05-01 12:39:00,treatment,runtime_context_panel
1309,1309,50,14,2026-05-01 17:24:00,treatment,runtime_context_panel
1310,1310,62,17,2026-05-01 14:15:00,treatment,runtime_context_panel
1311,1311,31,9,2026-05-01 21:22:00,treatment,runtime_context_panel
1312,1312,62,17,2026-05-01 13:13:00,control,old_page
1313,1313,50,14,2026-05-01 20:31:00,control,old_page
1314,1314,27,8,2026-05-01 15:44:00,treatment,runtime_context_panel
1315,1315,42,12,2026-05-02 02:05:00,treatment,runtime_context_panel
1316,1316,37,11,2026-05-01 14:52:00,treatment,runtime_context_panel
1317,1317,38,11,2026-05-01 11:54:00,control,old_page
1318,1318,66,18,2026-05-01 15:39:00,treatment,runtime_context_panel
1319,1319,31,9,2026-05-01 19:58:00,treatment,runtime_context_panel
1320,1320,10,4,2026-05-01 20:00:00,control,old_page
1321,1321,38,11,2026-05-01 22:22:00,treatment,runtime_context_panel
1322,1322,25,7,2026-05-01 22:18:00,control,old_page
1323,1323,67,18,2026-05-02 01:16:00,treatment,runtime_context_panel
1324,1324,61,17,2026-05-01 12:50:00,treatment,runtime_context_panel
1325,1325,6,2,2026-05-01 13:14:00,treatment,runtime_context_panel
1326,1326,20,6,2026-05-01 22:48:00,treatment,runtime_context_panel
1327,1327,18,6,2026-05-01 20:06:00,control,old_page
1328,1328,64,17,2026-05-01 18:35:00,treatment,runtime_context_panel
1329,1329,26,8,2026-05-01 19:06:00,control,old_page
1330,1330,30,9,2026-05-01 20:57:00,control,old_page
1331,1331,25,7,2026-05-01 11:58:00,control,old_page
1332,1332,73,20,2026-05-01 15:32:00,control,old_page
1333,1333,67,18,2026-05-01 22:19:00,control,old_page
1334,1334,2,1,2026-05-01 13:44:00,treatment,runtime_context_panel
1335,1335,69,19,2026-05-01 22:19:00,treatment,runtime_context_panel
1336,1336,34,9,2026-05-01 19:24:00,control,old_page
1337,1337,28,8,2026-05-01 14:35:00,control,old_page
1338,1338,46,13,2026-05-01 17:36:00,control,old_page
1339,1339,51,14,2026-05-01 12:31:00,treatment,runtime_context_panel
1340,1340,18,6,2026-05-01 19:43:00,treatment,runtime_context_panel
1341,1341,19,6,2026-05-01 10:21:00,treatment,runtime_context_panel
1342,1342,21,7,2026-05-01 12:26:00,control,old_page
1343,1343,12,4,2026-05-01 18:59:00,control,old_page
1344,1344,3,1,2026-05-01 11:42:00,treatment,runtime_context_panel
1345,1345,4,2,2026-05-01 14:14:00,control,old_page
1346,1346,1,1,2026-05-01 19:15:00,treatment,runtime_context_panel
1347,1347,7,3,2026-05-01 12:22:00,treatment,runtime_context_panel
1348,1348,53,15,2026-05-01 15:14:00,treatment,runtime_context_panel
1349,1349,65,18,2026-05-01 10:21:00,control,old_page
1350,1350,50,14,2026-05-01 10:01:00,control,old_page
1351,1351,45,13,2026-05-01 18:23:00,control,old_page
1352,1352,26,8,2026-05-02 02:19:00,treatment,runtime_context_panel
1353,1353,6,2,2026-05-01 12:34:00,control,old_page
1354,1354,15,5,2026-05-01 20:39:00,treatment,runtime_context_panel
1355,1355,30,9,2026-05-01 23:27:00,control,old_page
1356,1356,14,5,2026-05-01 15:27:00,control,old_page
1357,1357,12,4,2026-05-01 17:17:00,treatment,runtime_context_panel
1358,1358,42,12,2026-05-01 18:26:00,treatment,runtime_context_panel
1359,1359,29,8,2026-05-01 17:08:00,treatment,runtime_context_panel
1360,1360,45,13,2026-05-01 19:54:00,treatment,runtime_context_panel
1361,1361,40,12,2026-05-01 13:28:00,control,old_page
1362,1362,15,5,2026-05-01 17:51:00,control,old_page
1363,1363,68,18,2026-05-01 14:08:00,control,old_page
1364,1364,6,2,2026-05-01 12:21:00,control,old_page
1365,1365,16,5,2026-05-01 22:30:00,control,old_page
1366,1366,51,14,2026-05-01 10:55:00,control,old_page
1367,1367,8,3,2026-05-02 00:17:00,control,old_page
1368,1368,50,14,2026-05-01 23:03:00,control,old_page
1369,1369,36,10,2026-05-01 17:01:00,treatment,runtime_context_panel
1370,1370,6,2,2026-05-01 22:49:00,control,old_page
1371,1371,54,15,2026-05-02 01:41:00,treatment,runtime_context_panel
1372,1372,46,13,2026-05-01 22:40:00,control,old_page
1373,1373,72,20,2026-05-01 23:56:00,treatment,runtime_context_panel
1374,1374,17,6,2026-05-01 23:42:00,treatment,runtime_context_panel
1375,1375,37,11,2026-05-01 14:05:00,treatment,runtime_context_panel
1376,1376,25,7,2026-05-01 13:26:00,control,old_page
1377,1377,4,2,2026-05-01 15:22:00,control,old_page
1378,1378,2,1,2026-05-01 22:49:00,treatment,runtime_context_panel
1379,1379,62,17,2026-05-01 15:22:00,treatment,runtime_context_panel
1380,1380,61,17,2026-05-01 18:34:00,control,old_page
1381,1381,35,10,2026-05-01 12:35:00,treatment,runtime_context_panel
1382,1382,14,5,2026-05-02 02:26:00,treatment,runtime_context_panel
1383,1383,6,2,2026-05-01 23:12:00,treatment,runtime_context_panel
1384,1384,71,19,2026-05-01 18:29:00,control,old_page
1385,1385,15,5,2026-05-01 19:20:00,control,old_page
1386,1386,17,6,2026-05-01 14:46:00,treatment,runtime_context_panel
1387,1387,33,9,2026-05-01 14:22:00,treatment,runtime_context_panel
1388,1388,48,13,2026-05-02 00:37:00,control,old_page
1389,1389,40,12,2026-05-01 21:38:00,treatment,runtime_context_panel
1390,1390,26,8,2026-05-01 12:38:00,control,old_page
1391,1391,29,8,2026-05-02 00:55:00,treatment,runtime_context_panel
1392,1392,52,15,2026-05-01 11:27:00,control,old_page
1393,1393,48,13,2026-05-01 13:24:00,treatment,runtime_context_panel
1394,1394,56,16,2026-05-01 14:45:00,treatment,runtime_context_panel
1395,1395,39,11,2026-05-01 10:32:00,treatment,runtime_context_panel
1396,1396,21,7,2026-05-01 13:36:00,control,old_page
1397,1397,51,14,2026-05-01 14:18:00,control,old_page
1398,1398,55,15,2026-05-01 18:57:00,control,old_page
1399,1399,31,9,2026-05-02 00:10:00,control,old_page
1400,1400,35,10,2026-05-01 13:23:00,treatment,runtime_context_panel
1401,1401,59,16,2026-05-01 19:08:00,control,old_page
1402,1402,51,14,2026-05-02 01:34:00,treatment,runtime_context_panel
1403,1403,66,18,2026-05-01 11:19:00,control,old_page
1404,1404,37,11,2026-05-01 12:34:00,treatment,runtime_context_panel
1405,1405,58,16,2026-05-01 11:56:00,treatment,runtime_context_panel
1406,1406,16,5,2026-05-01 20:54:00,control,old_page
1407,1407,20,6,2026-05-01 13:41:00,treatment,runtime_context_panel
1408,1408,42,12,2026-05-01 10:16:00,treatment,runtime_context_panel
1409,1409,61,17,2026-05-01 21:56:00,treatment,runtime_context_panel
1410,1410,51,14,2026-05-01 11:56:00,control,old_page
1411,1411,47,13,2026-05-02 00:25:00,treatment,runtime_context_panel
1412,1412,10,4,2026-05-01 21:05:00,control,old_page
1413,1413,50,14,2026-05-01 18:28:00,control,old_page
1414,1414,61,17,2026-05-01 21:23:00,treatment,runtime_context_panel
